basicName,subTitleName,rating,openDate,openTime,closeDate,closeTime,recommendStayTime,address,price,label,review,url,img
Taipei Palace Museum,臺北故宮博物院, 4.7/5,['Tuesday-Sunday:'],['09:00-17:00 (Tickets available until:16:30)'],Monday:,Closed all day,3-4 hours,"No. 221, Sec 2, Zhi Shan Rd, Shilin District, Taipei City, Taiwan 111",$4.58 ,觀光,This place is valuable for everyone who's love the Taiwan's history and culture. I love this place so much.,https://www.trip.com/travel-guide/attraction/taipei/taipei-palace-museum-80595?curr=USD&locale=en-US,https://ak-d.tripcdn.com/images/fd/tg/g4/M01/72/7D/CggYHFY7F7iAF6-bAAtq3wFHDJY069_C_180_240_Q70.jpg?proc=source%2ftrip
TAIPEI 101,台北101大樓, 4.6/5,['Open daily'],['10:00-21:00'],N/A,N/A,2-4 hours,"No. 7, Section 5, Xinyi Rd, Xinyi District, Taipei City, Taiwan 110",Free,觀光,An incredible place to visit this is used to be the tallest building in the world.,https://www.trip.com/travel-guide/attraction/taipei/taipei-101-10758289?curr=USD&locale=en-US,https://ak-d.tripcdn.com/images/100l0g0000007s1t1ADA4_C_180_240_Q70.jpg?proc=source%2ftrip
Shilin Night Market,士林夜市, 4.5/5,['Open daily'],['16:00-00:00'],N/A,N/A,2-3 hours,"No. 101 Jihe Road, Shilin District, Taipei City",Free,餐飲,"dont forget to visit here when you travel to Taipei, it is a famous night market in Taipei. there are many food courts and fried chicken is one of delicious things",https://www.trip.com/travel-guide/attraction/taipei/shilin-night-market-10524212?curr=USD&locale=en-US,https://ak-d.tripcdn.com/images/100o1f000001gp48p077E_C_180_240_Q70.jpg?proc=source%2ftrip
Taipei Zoo,台北市立動物園, 4.8/5,['Open daily'],['09:00-17:00 (Latest entry time:16:00)'],N/A,N/A,2-3 hours,"No. 30, Sec.2, Xinguang Rd., Wenshan Dist., Taipei City 116016",$2.73 ,活動,"A zoo experience beyond expectations, especially in a large cage, it seems that an ecological park has a very immersive experience, and there is no need to worry about the people chasing you. The road is very wide. There are many park animals. There are many places to receive water in the park. Just entered the door and there is a map to take. It is very convenient. Taipei Zoo is really worth a visit.",https://www.trip.com/travel-guide/attraction/taipei/taipei-zoo-80594?curr=USD&locale=en-US,https://ak-d.tripcdn.com/images/1lo3w12000c6n3ma502C9_C_180_240_Q70.jpg?proc=source%2ftrip
MaoKong,貓空, 4.5/5,['Open daily'],['09:00-21:00'],N/A,N/A,2-3 hours,"Wenshan District, Taipei City, Taiwan 116",Free,活動,"Take the cable car to enjoy the scenery of Taipei City, along the way is also green, the mountain wind is relatively large, it feels cool. There are many shops selling tea, and the clerks are warm and friendly.",https://www.trip.com/travel-guide/attraction/taipei/maokong-85951?curr=USD&locale=en-US,https://ak-d.tripcdn.com/images/100v1f000001h1aosAA77_C_180_240_Q70.jpg?proc=source%2ftrip
Maokong Gondola,貓空纜車, 4.7/5,"['Tuesday-Friday:', 'Saturday-Sunday:']","['09:00-21:00', '09:00-22:00']",Monday:,Closed all day,1-2 hours,"No. 8, Section 2, Xinguang Road, Wenshan District, Taipei, Taiwan",$7.38 ,活動,"Visited Maokong and admire the view of Taipei, especially when you can see Taipei 101 when you are standing on the top of the mountain!",https://www.trip.com/travel-guide/attraction/taipei/maokong-gondola-10572530?curr=USD&locale=en-US,https://ak-d.tripcdn.com/images/100i1f000001gp4tm4F48_C_180_240_Q70.jpg?proc=source%2ftrip
Chiang Kai-shek Memorial Hall,國立中正紀念堂, 4.6/5,['Open daily'],['9:00-18:00'],N/A,N/A,1 hour,"No. 21, Zhongshan South Road, Zhongzheng District, Taipei City",Free,觀光,Came here in the late afternoon so it was cooler but the sky was just beautiful with such a large landscape of garden plots and sight of memorial hall. The contrast of white building against the blue sky was perfect for photography. Watch the flag lowering at CKS.,https://www.trip.com/travel-guide/attraction/taipei/chiang-kai-shek-memorial-hall-80598?curr=USD&locale=en-US,https://ak-d.tripcdn.com/images/100a0m000000drveuCE84_C_180_240_Q70.jpg?proc=source%2ftrip
Liberty Square,自由廣場, 4.6/5,['Open daily'],['Open all day'],N/A,N/A,1 hour,"No. 21, Zhongshan S Rd, Zhongzheng District, Taipei City, Taiwan 100",Free,觀光,"The main entrance of Liberty Square is the most magnificent archway in Taiwan and an important place for Taipei's civic arts and leisure activities. The square often hosts various large concerts and concerts, and the ""Taipei Lighting Festival"" is also held here every year. Theatre and concert halls on both sides are the main town of Taipei's literary and artistic performances. Peace Pigeons are frequent visitors to Liberty Square, where they can take photos, interact and feed. As night fell, the tall archway was illuminated by bright yellow lights, the golden wall was brilliant, majestic.",https://www.trip.com/travel-guide/attraction/taipei/liberty-square-10522872?curr=USD&locale=en-US,https://ak-d.tripcdn.com/images/100p1f000001gpfdcD291_C_180_240_Q70.jpg?proc=source%2ftrip
National Dr. Sun Yat-Sen Memorial Hall,孫中山紀念館, 4.6/5,['Open daily'],['9:00-18:00'],N/A,N/A,2-3 hours,"No. 505號, Section 4, Ren'ai Rd, Xinyi District, Taipei City, Taiwan 110",Free,觀光,A memorial hall im dedication to the contribution of Dr Sun Yat Sen in Taipei.,https://www.trip.com/travel-guide/attraction/taipei/national-dr-sun-yat-sen-memorial-hall-80593?curr=USD&locale=en-US,https://ak-d.tripcdn.com/images/100e1f000001gszgpCBFD_C_180_240_Q70.jpg?proc=source%2ftrip
Taipei 101 Observatory,台北101觀景台, 4.6/5,['Open daily'],['10:00-21:00 (Latest entry time:20:15)'],N/A,N/A,2-3 hours,"89th Floor, No. 7, Section 5, Xinyi Road, Xinyi District, Taipei City",$18.00 ,觀光,"The second time I came to Taipei 101 Building, there are still so many tourists. This is one of the classic attractions that must be played in Taipei. No matter whether you think it is interesting or not, you have to check in. The surrounding business districts are also good.",https://www.trip.com/travel-guide/attraction/taipei/taipei-101-observatory-23865324?curr=USD&locale=en-US,https://ak-d.tripcdn.com/images/0104s120008c1i1tj7E6F_C_180_240_Q70.jpg?proc=source%2ftrip
Yangmingshan National Park,陽明山國家公園, 4.7/5,['Open daily'],['Open all day'],N/A,N/A,2-4 hours,"1-20 Zhuzihu Road, Yangming Mountain, Taipei",Free,活動,"Though Yangmingshan is at a far end of Taipei city, it is well worth a day trip especially during spring and autumn period for cherry blossoms and autumn foliage, do check out qiangtiangang",https://www.trip.com/travel-guide/attraction/taipei/yangmingshan-national-park-80592?curr=USD&locale=en-US,https://ak-d.tripcdn.com/images/0106012000etm4da78596_C_180_240_Q70.webp?proc=source%2ftrip
Longshan Temple,艋舺龍山寺, 4.7/5,['Open daily'],['06:00-21:30'],N/A,N/A,1-2 hours,"No. 211, Guangzhou St, Wanhua District, Taipei City, Taiwan 10853",Free,觀光,"Visiting Longshan Temple in Taiwan offers a rich cultural experience. The temple, dating back to 1738, showcases intricate architecture, vibrant religious rituals, and a serene atmosphere. Explore the ornate decorations, witness traditional ceremonies, and immerse yourself in the local history and spirituality. Don't forget to respect the customs and take in the unique blend of Buddhist, Taoist, and folk religious elements at this iconic site.",https://www.trip.com/travel-guide/attraction/taipei/longshan-temple-80599?curr=USD&locale=en-US,https://ak-d.tripcdn.com/images/100c1f000001gsvdu8862_C_180_240_Q70.webp?proc=source%2ftrip
Chiang Kai-Shek Shilin Residence,士林官邸正館, 4.7/5,"['Tuesday-Sunday:', 'Tuesday-Sunday:']","['09:30-12:00 (Latest entry time:11:50; Tickets available until:11:50)', '13:30-17:00 (Latest entry time:16:50; Tickets available until:16:50)']",Monday:,Closed all day,2-3 hours,"No. 60, Fulin Rd., Shilin Dist., Taipei City 111005 , Taiwan",$2.75 ,觀光,"Shilin's official residence is worth a visit. Jiang Gong and Song Meiling lived here for a short time, and Jiang Gong died here. By restoring the layout and furnishings at that time, they learned about their life situation, and the interpreter was particularly attentive and patient. recommend!",https://www.trip.com/travel-guide/attraction/taipei/chiang-kai-shek-shilin-residence-85906?curr=USD&locale=en-US,https://ak-d.tripcdn.com/images/0106a120004e61n89EFAD_C_180_240_Q70.webp?proc=source%2ftrip
Raohe Night Market,饒河街夜市, 4.6/5,['Open daily'],['17:00-23:00'],N/A,N/A,1-3 hours,"Raohe St, Songshan District, Taipei City, Taiwan 105",Free,餐飲,Raohe night market. one the well known night market in Taipei. among the best. lots of food. not cheap tho. do come here to taste the street food of Taipei. This place is well connected with the metro station.,https://www.trip.com/travel-guide/attraction/taipei/raohe-night-market-10539673?curr=USD&locale=en-US,https://ak-d.tripcdn.com/images/0105e120009dndz8vDEDD_C_180_240_Q70.webp?proc=source%2ftrip
Taiwan Museum,國立臺灣博物館, 4.7/5,['Tuesday-Sunday:'],['9:30-17:00'],Monday:,Closed all day,2-4 hours,"No. 2, Xiangyang Road, Zhongzheng District, Taipei City",$3.56 ,觀光,"The museum located inside 228 Park is exhibited through various themes rather than exhibiting Taiwan relics. It is within walking distance from Ximending, so it is good to see it together when sightseeing around.",https://www.trip.com/travel-guide/attraction/taipei/taiwan-museum-10520764?curr=USD&locale=en-US,https://ak-d.tripcdn.com/images/100e1f000001gt2ez0166_C_180_240_Q70.webp?proc=source%2ftrip
Taipei Children's Amusement Park,臺北市立兒童新樂園, 4.8/5,"['Tuesday-Friday:', 'Saturday-Sunday:']","['09:00-17:00', '09:00-18:00']",Monday:,Closed all day,3-4 hours,"No. 55, Section 5, Chengde Rd, Shilin District, Taipei Cit 11169",$5.22 ,活動,"The kids enjoyed the rides. But i regrets the time of visit because i visited holiday so a lot of people went there. When you like to take a ride you need to fall in long line so its a waste of time of waiting… but overall is good for families. They have food courts when your hungry, a lot of rides and toys for kids, playground for them… and my advise is just go when its not holiday to enjoy more…",https://www.trip.com/travel-guide/attraction/taipei/taipei-children-s-amusement-park-22846533?curr=USD&locale=en-US,https://ak-d.tripcdn.com/images/100a1f000001grm980496_C_180_240_Q70.webp?proc=source%2ftrip
Ningxia Night Market,寧夏夜市, 4.5/5,['Open daily'],['17:00-23:30'],N/A,N/A,1-3 hours,"103, Taiwan, Taipei City, Datong District, Ningxia Rd, Ningxia Night Market",Free,餐飲,"A local night market with various kind of delicious food, it is always crowded with people",https://www.trip.com/travel-guide/attraction/taipei/ningxia-night-market-10539668?curr=USD&locale=en-US,https://ak-d.tripcdn.com/images/1lo0212000c6bl1f2E174_C_180_240_Q70.webp?proc=source%2ftrip
Miniatures Museum of Taiwan,袖珍博物館, 4.7/5,['Tuesday-Sunday:'],['10:00-18:00'],N/A,N/A,1-3 hours,台北市中山?建?北路一段96?B1,$5.73 ,觀光,"Still a good place to visit even if the ticket price is a little bit high, especially for those who appreciate miniature art or candy toys. Not to mention that it's the only miniature museum in Taipei.",https://www.trip.com/travel-guide/attraction/taipei/miniatures-museum-of-taiwan-10520704?curr=USD&locale=en-US,https://ak-d.tripcdn.com/images/100p0500000011o8mA91C_C_180_240_Q70.webp?proc=source%2ftrip
2024 (G)I-DLE WORLD TOUR [iDOL] in Taipei｜Concert,【台北】（G）I-DLE 2024《iDOL》世界巡迴演唱會,N/A,['Saturday-Sunday:'],['undefined'],N/A,N/A,N/A,"No. 2, Section 4, Nanjing E Rd, Songshan District, Taipei City",Free,,N/A,https://www.trip.com/travel-guide/attraction/taipei/2024-i-dle-world-tour-idol-in-taipeiconcert-146186245?curr=USD&locale=en-US,https://ak-d.tripcdn.com/images/100u1f000001gqamj946C_C_180_240_Q70.webp?proc=source%2ftrip
The Red House,西門紅樓, 4.5/5,"['Tuesday-Thursday:', 'Friday,Sunday:', 'Saturday:']","['11:00-20:00', '11:00-21:00', '11:00-22:00']",Monday:,Closed all day,1-3 hours,"No. 10, Chengdu Rd, Wanhua District, Taipei City, Taiwan 108",Free,觀光,Ximen red house is a historical landmark in the bustling district of ximending. Good visit,https://www.trip.com/travel-guide/attraction/taipei/the-red-house-10524144?curr=USD&locale=en-US,https://ak-d.tripcdn.com/images/0106j120008kejm6o4C55_C_180_240_Q70.webp?proc=source%2ftrip
2024 SUPER JUNIOR <SUPER SHOW SPIN-OFF : Halftime> in TAIPEI,N/A,N/A,['Friday-Sunday:'],['undefined'],N/A,N/A,N/A,"Taipei Arena, No. 2, Section 4, Nanjing E. Road, Songshan District, Taipei City",Free,,N/A,https://www.trip.com/travel-guide/attraction/taipei/2024-super-junior-super-show-spin-off-halftime-in-taipei-145104195?curr=USD&locale=en-US,https://ak-d.tripcdn.com/images/0106d12000e0cbt7eDACA_C_180_240_Q70.webp?proc=source%2ftrip
Xiang Mountain,象山, 4.6/5,['Open daily'],['Open all day'],N/A,N/A,1-2 hours,"150 Lane, Section 5, Xinyi Road, Xinyi District, Taipei, Taiwan",Free,活動,"As the name of the Xiangshan elephant near the city center, you can see big stones. The most important thing is that the background of Taipei 101 building is a beautiful spectacular and photo restaurant. The transportation is 10 minutes' walk from the red line Xiangshan station. It is the entrance street to the mountain climbing of Xiangshan, and the height of the stairs is difficult at first, but it is usually a short walk that can be reached in 20-30 minutes.",https://www.trip.com/travel-guide/attraction/taipei/xiang-mountain-10520699?curr=USD&locale=en-US,https://ak-d.tripcdn.com/images/fd/tg/g4/M00/72/AC/CggYHFY7GxeANGcwABlN57UW0jM497_C_180_240_Q70.webp?proc=source%2ftrip
Yongkang Street,永康街, 4.5/5,['N/A'],['N/A'],N/A,N/A,2-3 hours,"Yongkang Street, Daan District, Taipei City, Taiwan",Free,活動,"There are many shops from chain stores to private shops, and you can enjoy everything from shopping to dining. The famous beef noodle shop is lined up outside even on weekdays. The meat is also solid and corresponds to several foreign languages. The general store is also cute and is always crowded with tourists.",https://www.trip.com/travel-guide/attraction/taipei/yongkang-street-100304?curr=USD&locale=en-US,https://ak-d.tripcdn.com/images/0106z12000echyq3hA3B6_C_180_240_Q70.webp?proc=source%2ftrip
Beitou Hot Spring Museum,北投溫泉博物館, 4.6/5,['Tuesday-Sunday:'],['10:00-18:00'],N/A,N/A,1-2 hours,"No. 2, Zhongshan Rd, Beitou District, Taipei City, Taiwan 112",Free,觀光,Amazing destination to visit for a half day your at Beitou. Friendlt museum staffs and well organised guided pathway to walk around in the museum so you won't miss out any section. There are some interactive activities for us to experience the old days hot spring and can take lots of pictures too. Highly recommended.,https://www.trip.com/travel-guide/attraction/taipei/beitou-hot-spring-museum-10530509?curr=USD&locale=en-US,https://ak-d.tripcdn.com/images/100k0z000000nj48a3F22_C_180_240_Q70.webp?proc=source%2ftrip
Taipei Arena,台北小巨蛋, 4.6/5,['Open daily'],['9:00-22:00'],N/A,N/A,2-4 hours,"No. 2號, Section 4, Nanjing E Rd, Songshan District, Taipei City, Taiwan 105037",Free,活動,"Taipei Dome - The multi-purpose stadium in Songshan District, Taipei is an arena-level venue. In addition to providing sports competition venues, large-scale literary events such as concerts and awards ceremonies are often held, which is one of the pointers for the Taiwan entertainment industry.",https://www.trip.com/travel-guide/attraction/taipei/taipei-arena-10758481?curr=USD&locale=en-US,https://ak-d.tripcdn.com/images/fd/tg/g4/M0B/73/14/CggYHFY7IaGAZ7ddACVnca2cNc4174_C_180_240_Q70.webp?proc=source%2ftrip
The Grand Hotel Taipei West Secret Passage,圓山大飯店密道, 5/5,['Open daily'],['10:00-15:30'],N/A,N/A,N/A,"No. 1, Section 4, Zhongshan North Road, Zhongshan District, Taipei City",$10.99 ,活動,"Yuanshan Hotel, a long time ago, a five-star hotel, has been here for many artists and diplomatic heads of state. Equipment Billiards table, pool, table tennis table, gym can be used. Holidays to a good place, the pool is very clean, foreigners will exercise together in the morning",https://www.trip.com/travel-guide/attraction/taipei/the-grand-hotel-taipei-west-secret-passage-140042904?curr=USD&locale=en-US,https://ak-d.tripcdn.com/images/100b1f000001gsokj2A73_C_180_240_Q70.webp?proc=source%2ftrip
Xiangshan (Elephant Mountain) Nature Trail,象山步道, 4.8/5,['Open daily'],['Open all day'],N/A,N/A,1-2 hours,"Lane 150, Songren Rd., Taipei, Taiwan",Free,活動,An easy hike at elephant mountain. You able to do night hike since there are lamps all the way up the mountain! can see taipei 101 from the top of the mountain .,https://www.trip.com/travel-guide/attraction/taipei/xiangshan-nature-trail-20905962?curr=USD&locale=en-US,https://ak-d.tripcdn.com/images/10091f000001gsmpqB4FF_C_180_240_Q70.webp?proc=source%2ftrip
Dihua Street,迪化街, 4.6/5,['Open daily'],['Open all day'],N/A,N/A,1-3 hours,"Section 1, Dihua Street, Datong District, Taipei City",Free,活動,"Dihua Old Street is a nice place to visit around Lunar New Year because of the lanterns, but it can get very crowded.I most recently visited during the summer and it had a relaxed feeling. The historic buildings are very photogenic of course, and you can browse the shops that range from household items, tote bags, kitchen ware, to Chinese medicine and teas, dried fruit and nuts, to souvenirs, bubble tea and pineapple cakes.",https://www.trip.com/travel-guide/attraction/taipei/dihua-street-10524143?curr=USD&locale=en-US,https://ak-d.tripcdn.com/images/0105a12000bi3d9d922D4_C_180_240_Q70.webp?proc=source%2ftrip
Taipei Fine Arts Museum,臺北市立美術館, 4.7/5,"['Tuesday-Friday,Sunday:', 'Saturday:']","['9:30-17:30', '9:30-20:30']",Monday:,Closed all day,2-4 hours,"No.181, Sec. 3, Zhongshan N. Rd., Zhongshan Dist., Taipei City 10461, Taiwan",$45.77 ,觀光,Taipei Art Gallery Collection of many works of art and shows with a variety of photo angles.,https://www.trip.com/travel-guide/attraction/taipei/taipei-fine-arts-museum-80596?curr=USD&locale=en-US,https://ak-d.tripcdn.com/images/01007120008f0oes16DB8_C_180_240_Q70.webp?proc=source%2ftrip
S2O Taiwan Songkran Music Festival,S2O Taiwan Songkran 電子音樂節,N/A,['Saturday-Sunday:'],['undefined'],N/A,N/A,N/A,台灣台北市中山區濱江街5號大佳河濱公園,Free,,N/A,https://www.trip.com/travel-guide/attraction/taipei/s2o-taiwan-songkran-music-festival-144938227?curr=USD&locale=en-US,https://ak-d.tripcdn.com/images/10090y000000mestq4E2F_C_180_240_Q70.webp?proc=source%2ftrip
Sisinan Village Museum,臺北眷村文物館, 4.6/5,['Tuesday-Sunday:'],['9:00-17:00'],N/A,N/A,1-2 hours,"No.50 Songqing Street, Xinyi District, Taipei, Taiwan",Free,觀光,this village is around 5 mins walk from taipei 101 building. you can come up from mrt taipei 101 station exit 2 and you can take nice photos of the taipei101 buidling. there is a nice coffee shop and boba tea shop in the village too.there is bathroom in the area too; recommend this place if you want to take photo of the building,https://www.trip.com/travel-guide/attraction/taipei/sisinan-village-museum-22846545?curr=USD&locale=en-US,https://ak-d.tripcdn.com/images/10071f000001h70nm939C_C_180_240_Q70.webp?proc=source%2ftrip
Miramar Entertainment Park,美麗華百樂園, 4.6/5,['Open daily'],['13:00-22:00 (Tickets available until:21:50)'],N/A,N/A,1-3 hours,台北市中山區敬業三路20號,Free,活動,"fantastic shopping mall with food court at the basement level, a grocery store, restaurants placed in between levels, an IMAX theater, arcade room and a ferris wheel on the top floor.Easy to park and many good restaurants around.Good place for dating. must try Ferris wheel",https://www.trip.com/travel-guide/attraction/taipei/miramar-entertainment-park-10548367?curr=USD&locale=en-US,https://ak-d.tripcdn.com/images/0101s12000deboyhl4232_C_180_240_Q70.webp?proc=source%2ftrip
Miramar Ferris Wheel,美麗華百樂園摩天輪, 4.8/5,['Open daily'],['13:00-22:00'],N/A,N/A,20-30 minutes,"5th floor, No.20, Jingye 3rd Road, Zhongshan District, Taipei City",$4.11 ,活動,"Miramar Ferris Wheel - A really nice place in a remote area, have so many famous and delicious food restaurant, have an Imax cinema, a giant ferris wheel, and a quite beautiful building",https://www.trip.com/travel-guide/attraction/taipei/miramar-ferris-wheel-30637274?curr=USD&locale=en-US,https://ak-d.tripcdn.com/images/fd/tg/g4/M0A/70/5A/CggYHVY7GduAbllEAB1Jv3_P_KI219_C_180_240_Q70.webp?proc=source%2ftrip
Huashan 1914 Creative Park,華山1914文創園區, 4.7/5,['Open daily'],['Open all day'],N/A,N/A,1-3 hours,"No. 1, Section 1, Baba Road, Taipei",Free,活動,"Recommend for kids! Great location, great staffs... enjoy the play & park nearby.... toilets are not many.",https://www.trip.com/travel-guide/attraction/taipei/huashan-1914-creative-park-10520725?curr=USD&locale=en-US,https://ak-d.tripcdn.com/images/0102t120009f3yju4BF0F_C_180_240_Q70.webp?proc=source%2ftrip
Chang Dai-Ch'ien Residence,張大千先生紀念館, 4.5/5,['Saturday-Sunday:'],['10:30-11:10'],N/A,N/A,1-2 hours,"No. 2, Ln. 342, Sec. 2, Zhishan Rd., Shilin Dist, Taipei, Taiwan",Free,觀光,"Zhang Daqian Museum is located on the top of the round mountain of Dongguan Road, Dongxing District, Neijiang City. It has a superior location, convenient transportation and convenient travel. Zhang Daqian Memorial Hall was officially opened in 1992 and opened for free in 2010! It is the best place to travel on weekends!",https://www.trip.com/travel-guide/attraction/taipei/chang-dai-ch-ien-residence-13424702?curr=USD&locale=en-US,https://ak-d.tripcdn.com/images/100p11000000qua3vF7B4_C_180_240_Q70.webp?proc=source%2ftrip
Songshan Cultural and Creative Park,松山文創園區,N/A,['Open daily'],['8:00-22:00'],N/A,N/A,2-3 hours,"No. 133, Guangfu S Rd, Xinyi District, Taipei City, Taiwan 110",Free,活動,"Songshan Cultural and Creative Park - located in Xinyi District, Taipei, built in 1937, formerly known as the ""Taiwan Governor's Mansion Monopoly Bureau Songshan Tobacco Workshop"" during the Japanese rule period, officially transformed into the ""Songshan Cultural and Creative Park"" in 2010.",https://www.trip.com/travel-guide/attraction/taipei/songshan-cultural-and-creative-park-10523535?curr=USD&locale=en-US,https://ak-d.tripcdn.com/images/10071f000001h6zk780D1_C_180_240_Q70.webp?proc=source%2ftrip
Bopiliao Historical Block,剝皮寮歷史街區, 4.4/5,['Tuesday-Sunday:'],['9:00-18:00'],N/A,N/A,1 hour,"Lane 173, Kangding Rd, Wanhua District, Taipei City, Taiwan 108",Free,觀光,"Peeled scorpion - The settlement formed in the early Qing Dynasty ． spanning the three eras of Qing Dynasty, Japanese rule and Republic of China, mixing architectural styles and humanistic features of different periods, and becoming a city street that represents the characteristics of scorpion. In 2009, the renovated ""Peeled Historical District"" was completed, standing in the lanes of Wanhua District, Taipei City today, continuing the historical trajectory of more than 100 years: the red and brown brick walls of arched pavilion feet, surrounded by the ancient atmosphere. part 2",https://www.trip.com/travel-guide/attraction/taipei/bopiliao-historical-block-10520717?curr=USD&locale=en-US,https://ak-d.tripcdn.com/images/0ww2e120009rlbyvzAB05_C_180_240_Q70.webp?proc=source%2ftrip
Taipei Astronomical Museum,臺北市立天文科學教育館, 4.8/5,"['Tuesday-Friday,Sunday:', 'Saturday:']","['09:00-17:00', '09:00-20:00']",N/A,N/A,1-3 hours,"No.363 Jihe Road, Taipei 11160, Taiwan",$2.87 ,觀光,"A place with a long knowledge of the Taipei Municipal Astronomical Science Education Museum introduces a lot of astronomical knowledge, and some achievements in human exploration of astronomy, and many instruments used in astronomical observation.",https://www.trip.com/travel-guide/attraction/taipei/taipei-astronomical-museum-13425886?curr=USD&locale=en-US,https://ak-d.tripcdn.com/images/fd/tg/g4/M0B/72/67/CggYHFY7FqmAAwhJAAf3XJWWT2Y476_C_180_240_Q70.webp?proc=source%2ftrip
Xingtian Temple,行天宮, 4.7/5,['Open daily'],['4:00-22:00'],N/A,N/A,1-2 hours,"No.109 Er Section, Minquan East Road, Taipei, Taiwan",Free,觀光,"The Temple of Heaven - or the Temple of the Lord of God, also known as the Temple of the Lord of God (as printed on the poems of his temple), the Lord God is the Lord of God Guan Sheng Emperor (the Lord of God, from God Guan Pingguan Sheng Prince Ping, Zhou Cang Zhou Enshi Cang), Lu En's Lord Dongbin, Zhang En's Lord Shan, Wang En's Lord Shan, Yue En's Lord Fei and other five holy benefactors, It is a well-known Guandi Temple in Taiwan, built by the Huang Xuankong Road director who runs the coal mining business.",https://www.trip.com/travel-guide/attraction/taipei/xingtian-temple-85911?curr=USD&locale=en-US,https://ak-d.tripcdn.com/images/100g1f000001gqx28F1DF_C_180_240_Q70.webp?proc=source%2ftrip
National Revolutionary Martyrs' Shrine,國民革命忠烈祠, 4.5/5,['Open daily'],['9:00-17:00'],N/A,N/A,1-3 hours,"No. 139, Beian Rd, Zhongshan District, Taipei City, Taiwan 10491",Free,觀光,"Xinbei City Zhonglie - The original site is an ancient battlefield of the battle of Shanwei during the Qing-French War. The 14-year shrine of Showa during the Japanese rule (1939) was built to serve the emperor of Meiji. Taiwan was dumped in disrepair after the war, which was like ruins. In 1975, the Taipei County Government demolished the shrine and converted it into a Chinese palace form of the Loyalty Temple, known as the ""Taipei County Loyalty Temple"". Since the temple is surrounded by green and ancient pine, you can listen to Songtao and overlook Guanyin Mountain in the downstairs of the brand of Zhonglie Yong, which has a beautiful view and is one of the eight old freshwater scenery. It has the name of ""Lie Yong Songtao"". In 2011, it was renamed Xinbei City with Taipei County.",https://www.trip.com/travel-guide/attraction/taipei/national-revolutionary-martyrs-shrine-10354600?curr=USD&locale=en-US,https://ak-d.tripcdn.com/images/1lo3p12000cg1m8f778D7_C_180_240_Q70.webp?proc=source%2ftrip
Jiannan Mountain night view,劍南山夜景, 4.7/5,['Open daily'],['Open all day'],N/A,N/A,2-3 hours,"No. 181, Ziqiang Tunnel, Zhongshan District, Taipei City, Taiwan 10491",Free,觀光,"Very good trip, suitable for the whole family to go out together, the scenery and environment are good, it is very convenient, will come again next time.",https://www.trip.com/travel-guide/attraction/taipei/jiannan-mountain-night-view-39040465?curr=USD&locale=en-US,https://ak-d.tripcdn.com/images/100g1f000001gqyd17B05_C_180_240_Q70.webp?proc=source%2ftrip
Huaxi Street Night Market,臺北華西街夜市, 4.5/5,['Open daily'],['16:00-23:59'],N/A,N/A,1-3 hours,"Huaxi St, Wanhua District, Taipei City, Taiwan 108",Free,餐飲,"very good food,good value for money,convenient transportation,close to longshan temple,a short walk away",https://www.trip.com/travel-guide/attraction/taipei/huaxi-street-night-market-98005?curr=USD&locale=en-US,https://ak-d.tripcdn.com/images/100p1f000001gpgq99186_C_180_240_Q70.webp?proc=source%2ftrip
Taipei Botanical Garden,台北植物園, 4.7/5,['Open daily'],['6:00-20:00'],N/A,N/A,1-3 hours,"No. 53, Nanhai Rd, Zhongzheng District, Taipei City, Taiwan 100",Free,活動,"Taipei Botanical Garden New Greenhouse - One of the National Botanical Garden Ark Programs, the refurbishment of the old circular greenhouses that have become dangerous buildings to preserve precious plant species in the new greenhouse space, and the extension of the original round greenhouse with the surrounding landscape and space is also handled. Let this new greenhouse space also naturally attract tourists to enter, so that plants and tourists can share this comfortable new place.",https://www.trip.com/travel-guide/attraction/taipei/taipei-botanical-garden-10520758?curr=USD&locale=en-US,https://ak-d.tripcdn.com/images/1me2212000dhojdteE66E_C_180_240_Q70.webp?proc=source%2ftrip
Qingtiangang Grassland,擎天崗大草原, 4.7/5,['Open daily'],['Open all day'],N/A,N/A,2-3 hours,"No. 246, Lane 101, Jingshan Rd, Shilin District, Taipei City, Taiwan 111",Free,活動,"On the way to Wuzui Mountain, Qingtiangang, the mountains are rolling and the grasslands are vast. It is recommended. Because there are restrictions on tourists, Wuzui Mountain will not be too many people. You have to book early.",https://www.trip.com/travel-guide/attraction/taipei/qingtiangang-grassland-24652298?curr=USD&locale=en-US,https://ak-d.tripcdn.com/images/0101d120005w8yqvj5705_C_180_240_Q70.webp?proc=source%2ftrip
Normal University Night Market,師大夜市, 4.5/5,"['Monday-Friday:', 'Saturday-Sunday:']","['16:00-23:00', '16:00-00:00']",N/A,N/A,1-3 hours,"Lane 39, Shida Rd, Da’an District, Taipei City, Taiwan 106",Free,餐飲,"One of the most well organised markets i had ever visited. This night market is not big, just a long stretch street about 1,000 meter. Between the street there were many shops selling popular items, clothing, goods and food. This market was just next to the University. Its popular for the university students.",https://www.trip.com/travel-guide/attraction/taipei/normal-university-night-market-98081?curr=USD&locale=en-US,https://ak-d.tripcdn.com/images/100u0d0000006ujsd093A_C_180_240_Q70.webp?proc=source%2ftrip
Shinkong Mitsukoshi Mall (Xinyi Place),新光三越信義新天地, 4.7/5,"['Monday-Thursday,Sunday:', 'Friday-Saturday:']","['11:00-21:30', '11:00-22:00']",N/A,N/A,1-3 hours,"No.11 Songshou Road, Xinyi District, Xinyi District, Taipei 110 Taiwan",Free,活動,"Xinyi District is very lively regardless of weekday holidays, very people who like nightlife, not only delicious restaurants, street shops are also opened very late, you can come and walk if you can't sleep!",https://www.trip.com/travel-guide/attraction/taipei/shinkong-mitsukoshi-mall-98113?curr=USD&locale=en-US,https://ak-d.tripcdn.com/images/100w0v000000jvrta47B9_C_180_240_Q70.webp?proc=source%2ftrip
Yehliu Geopark,野柳地質公園, 4.7/5,['Open daily'],['08:00-17:00 (Latest entry time:17:00)'],N/A,N/A,1.5-3 hours,"No.167-1, Gangliu East Road, Wanli District, New Taipei City, Taiwan",Free,觀光,Highly recommended for the scenery and educational value. Advised to read the pamphlet on the interesting formations and fossils so that one can look out for them and better appreciate Yehliu Geopark.,https://www.trip.com/travel-guide/attraction/new-taipei-city/yehliu-geopark-88560?curr=USD&locale=en-US,https://ak-d.tripcdn.com/images/100o050000000zjn2C1C8_C_180_240_Q70.webp?proc=source%2ftrip
Taipei Tianhou Temple,臺北天后宮, 4.6/5,['Open daily'],['6:00-21:45'],N/A,N/A,1-2 hours,"No.51 Chengdu Road, Taipei, Taiwan",Free,活動,"Taipei Tianhou Palace - Formerly known as the Xinxing Palace, commonly known as the Ximending Tianhou Palace, Ximending Mazu Temple, the main temple of the Tianhou Mazu, the temple site was originally the Shifa Temple of the true Japanese Buddhist Word. The temple's predecessor, Xinxing Palace, was built in the 11th year of Qing Qianlong (1746), the original site is Luzhixing Street, 1943 was collected by the Japanese government, Yue temporarily worshipped the gods in Lulongshan Temple, and in 1948, stationed in Ximending.",https://www.trip.com/travel-guide/attraction/taipei/taipei-tianhou-temple-13426345?curr=USD&locale=en-US,https://ak-d.tripcdn.com/images/100m0x000000lnelt3564_C_180_240_Q70.webp?proc=source%2ftrip
Shaoshuai Zen Garden,少帥禪園, 4.5/5,['Tuesday-Sunday:'],['11:00-21:00'],Monday:,Closed all day,1-3 hours,"No. 34, Youya Road, Beitou District, Taipei City",Free,活動,"[Looking back at Taipei] Viewing the Shaoshuai Zen Garden. Become a famous restaurant like Caoshan Hall, leaving a statue, a few pictures, a few pots of orchids, and a legend that has been disturbed and difficult to distinguish... At that time, close your eyes and bask in the sun, the most suitable ∼",https://www.trip.com/travel-guide/attraction/taipei/shaoshuai-zen-garden-10559311?curr=USD&locale=en-US,https://ak-d.tripcdn.com/images/0102o12000abra8l93AB7_C_180_240_Q70.webp?proc=source%2ftrip
Museum of Contemporary Art Taipei,台北當代藝術館, 4.7/5,['Tuesday-Sunday:'],['10:00-18:00'],N/A,N/A,1-3 hours,"No. 39, Chang'an W Rd, Datong District, Taipei City, Taiwan 103",$7.30 ,觀光,"Taiwan Contemporary Art Building, this is, every love of art, personnel want to come, an art museum! This art museum can be called as a new landmark punching point in Taipei. The art works inside are particularly infectious and very fashionable.",https://www.trip.com/travel-guide/attraction/taipei/museum-of-contemporary-art-taipei-13452220?curr=USD&locale=en-US,https://ak-d.tripcdn.com/images/1A0q14000000vuy87BD54_C_180_240_Q70.webp?proc=source%2ftrip
di re gu,地熱谷, 4.5/5,['Open daily'],['08:00-18:00'],N/A,N/A,2-3 hours,台灣省台北市北投區中山路30-10號,Free,活動,"Located in Taipei Beitou Geothermal Valley, about 10 minutes from the exit of Xinbeitou MRT Station, free admission! The flow of people is not too much, it is definitely a punch card attraction, Li Taiwan friends must Li Geothermal Valley! There is a hand-soaked hot spring at the door, and there is a thin steamed bun inside that can buy a hand-letter and add it to ??",https://www.trip.com/travel-guide/attraction/taipei/city-134448751?curr=USD&locale=en-US,https://ak-d.tripcdn.com/images/fd/tg/g4/M08/70/1C/CggYHVY7Fe-AV3SJABOZSnSIa9c584_C_180_240_Q70.webp?proc=source%2ftrip
Qixing Park,七星公園, 4.3/5,['Open daily'],['Open all day'],N/A,N/A,0.5-1 hour,"Beitou District, Taipei City, Taiwan 112",Free,活動,"A very bright park, quite big, there are famous road hump, Qixingyan, citizens free, come here to feed a lot of monkeys, wild monkeys are very fun, not big, still well-behaved, no harm.",https://www.trip.com/travel-guide/attraction/taipei/qixing-park-30047289?curr=USD&locale=en-US,https://ak-d.tripcdn.com/images/fd/tg/g4/M0A/6E/D9/CggYHlY7G5WADZp_ACO2ub0YKYs144_C_180_240_Q70.webp?proc=source%2ftrip
Taipei Music Center,台北流行音樂中心, 4.9/5,['Tuesday-Sunday:'],['10:00-18:00'],N/A,N/A,3-4 hours,115028 台北市南港?市民大道8段99?,$12.18 ,活動,"The Taipei Pop Music Center building was designed by the United States. The building was inspired by the ancient Roman square. It uses the circular space to combine art, commerce, market and performance activities. It hopes to be widely used by pop music industry workers, citizens and overseas tourists. Build a 24-hour ""functional building"" with different usage methods. The north and south base is connected by a shape overpass, and the three main buildings are located on the same horizontal line. In addition to strengthening the unity of the overall building, the visual axis leads visitors to different destinations.",https://www.trip.com/travel-guide/attraction/taipei/taipei-music-center-98540666?curr=USD&locale=en-US,https://ak-d.tripcdn.com/images/0101z2224rwvjx38iEA57_C_180_240_Q70.webp?proc=source%2ftrip
Da'an Forest Park,大安森林公園, 4.7/5,['Open daily'],['Open all day'],N/A,N/A,1-3 hours,"No. 1, Section 2, Xinsheng South Road, Daan District, Taipei City",Free,活動,"Wishing Vine (tin leaf vine) flower language is ""angel face"" flower as its name, holy, beautiful, pure... It makes people feel happy and happy. Taipei Da'an Forest Park is close to the Jianguo elevated side. There is a flower stand promenade for tourists to rest. The porch is planted with tin leaf vines. April is the flower season. All you see are dreamy purple flower waterfalls. part 2",https://www.trip.com/travel-guide/attraction/taipei/da-an-forest-park-10523108?curr=USD&locale=en-US,https://ak-d.tripcdn.com/images/10091f000001gspyd6E1F_C_180_240_Q70.webp?proc=source%2ftrip
Presidential Office Building,中華民國總統府, 4.4/5,['Monday-Friday:'],['9:00-11:30'],N/A,N/A,1-3 hours,"No. 122, Section 1, Chongqing South Road, Zhongzheng District, Taipei City",Free,觀光,"Modern buildings, red and white exterior walls, need to be reserved to enter, the security check inside is still quite strict, this place is very meaningful, once the Japanese occupation of the office, only some areas are open to the outside world, there are many police officers patrolling with live ammunition, There are many collections given by other countries. There are special people to explain that they are tourists and locals will not go. There is also a gift shop inside, which can send postcards to friends, which is also very good.",https://www.trip.com/travel-guide/attraction/taipei/presidential-office-building-100279?curr=USD&locale=en-US,https://ak-d.tripcdn.com/images/0101p1200084ml9mj81F4_C_180_240_Q70.webp?proc=source%2ftrip
Linjiang Street (Tonghua) Night Market,臨江街夜市（通化夜市）, 4.6/5,['Open daily'],['18:00-00:00'],N/A,N/A,1-3 hours,"Dahua District, Taipei City, Tonghua Street and Linjiang Street, Section 4 of Xinyi Road and Section 2 of Keelung Road",Free,餐飲,"I ate the second grilled fish and ate it in the store for the first time. The boss didn’t know if it was a little over-baked or what. The meat was a little bit dry. This time, the skin was peeled off, and there was gravy. The meat was also very tender. I love this grilled fish ?? But the salt outside is really enough to accidentally get it. Salted ?????? This time I also ordered more wine steamed dumplings and dumpling soup, which are also very good.",https://www.trip.com/travel-guide/attraction/taipei/linjiang-street-night-market-98017?curr=USD&locale=en-US,https://ak-d.tripcdn.com/images/fd/tg/g4/M05/6F/4C/CggYHVY7CBWAK2qoADnqB1BzH48561_C_180_240_Q70.webp?proc=source%2ftrip
Beitou Library,北投圖書館, 4.6/5,"['Monday,Sunday:', 'Tuesday-Saturday:']","['09:00-17:00', '08:30-21:00']",N/A,N/A,1-3 hours,"No. 251, Guangming Rd, Beitou District, Taipei City, Taiwan 112",Free,觀光,"Beitou Library is worthy of being the most beautiful library in Taipei. The structure of wood is very antique. The floor inside is full of wooden shoes. There will be a unique sound of wood. The sound of running water is very suitable for a daze. There are observation decks on different floors. It is also very pleasant to check in outside or see the scenery, but some windows will open. Talk will still be passed inside. It is best to keep quiet and not disturb others. ??",https://www.trip.com/travel-guide/attraction/taipei/beitou-library-10523111?curr=USD&locale=en-US,https://ak-d.tripcdn.com/images/0103u120008idad4h0DC8_C_180_240_Q70.webp?proc=source%2ftrip
Dadaocheng Wharf,大稻埕碼頭, 4.7/5,['Open daily'],['Open all day'],N/A,N/A,1-2 hours,"Diwai Road, Datong, Taipei 103 Taiwan",Free,觀光,"In Taipei, winter is often rainy and rarely see the sun. This weekend, the same is true. I didn’t expect that in the evening, the sun suddenly showed its face and sprinkled a thousand golden light from the clouds. The mountains in the distance were bathed in golden light, and the fresh water showed five-color clouds. Like a painting of a landscape.",https://www.trip.com/travel-guide/attraction/taipei/dadaocheng-wharf-13423230?curr=USD&locale=en-US,https://ak-d.tripcdn.com/images/fd/tg/g2/M01/8C/34/Cghzf1Ww7gCAPhF7AFBftokrWzc263_C_180_240_Q70.webp?proc=source%2ftrip
Taipei Confucius Temple,臺北市孔廟, 4.5/5,['Tuesday-Sunday:'],['8:30-21:00'],N/A,N/A,1-3 hours,"No. 275, Dalong St, Datong District, Taipei City, Taiwan 103",Free,觀光,"Taipei Confucius Temple - Caiqufu Ben Temple architectural form, the beams and windows are not engraved simple and solemn, its layout is in order for the Wanxi Palace wall, Dianchi Lake, Krypton Gate, Yimen, Dacheng Palace and Chongsheng Temple; And because of the folk building, in addition to the shape and specifications, also added local decoration style, that is, the special cross-toe pottery and shear sticky decoration in southern Anhui, especially the cross-toe pottery decoration as a special example in the Confucian Temple building in Taiwan.",https://www.trip.com/travel-guide/attraction/taipei/taipei-confucius-temple-85919?curr=USD&locale=en-US,https://ak-d.tripcdn.com/images/100q0y000000mdr4i6663_C_180_240_Q70.webp?proc=source%2ftrip
Jiufen Old Street,九份老街, 4.6/5,['Open daily'],['10:00-20:00'],N/A,N/A,2-4 hours,"Jishan Street, Ruifang District, New Taipei City, Taiwan",Free,活動,"An old village situated east of Taipei, full with traditional ambience with lots of shops and a cozy feeling.",https://www.trip.com/travel-guide/attraction/new-taipei-city/jiufen-old-street-96936?curr=USD&locale=en-US,https://ak-d.tripcdn.com/images/10020v000000jwtdv4181_C_180_240_Q70.webp?proc=source%2ftrip
National Theater,國家戲劇院, 4.6/5,['Open daily'],['11:30-21:00'],N/A,N/A,1-2 hours,"No21-1, Zhongshan S. Rd.,, Taipei, Taiwan",Free,活動,"National Theatre, located in Taipei, Taiwan, is part of the National Center for Zhongzheng Cultural Center, is an important theater and dance performance venue in Taiwan. It is jointly called the ""two halls"" with the National Concert Hall. Large-scale performances are often held, including Peking Opera, drama dramas, children's programs, etc. The audience has four floors and can accommodate 1,526 spectators.",https://www.trip.com/travel-guide/attraction/taipei/national-theater-10520770?curr=USD&locale=en-US,https://ak-d.tripcdn.com/images/fd/tg/g2/M09/2E/C0/CghzgFW2KySABjWWACpfDqAsFf4169_C_180_240_Q70.webp?proc=source%2ftrip
ri sheng sheng jia he wu guo ji fan dian wen quan,日勝生加賀屋國際飯店溫泉, 4.3/5,['Open daily'],['00:00-23:59'],N/A,N/A,N/A,台灣台北市北投區光明路236號,$37.03 ,活動,"Very comfortable hot spring hotel, very comfortable, the staff are very good, introduce me to the facilities and buried my luggage to the room! It is estimated that there are two Japanese-style hot spring hotels in Taipei. It is very Japanese. The hotel facilities have large baths, divided into men and women. I have a private hot spring in the book room. The hotel can be soaked several times a day. It is really comfortable. ??",https://www.trip.com/travel-guide/attraction/taipei/city-144315223?curr=USD&locale=en-US,https://ak-d.tripcdn.com/images/10081c000001d78rwA520_C_180_240_Q70.webp?proc=source%2ftrip
Jiufen,九份, 4.5/5,['Open daily'],['Open all day'],N/A,N/A,0.5-1 day,"Ruifang District, New Taipei City, Taiwan",Free,活動,excellent scenery at night!! lots of food varieties and souvenirs. loads of stairs so much sure you are fit and wear appropriate attires.,https://www.trip.com/travel-guide/attraction/new-taipei-city/jiufen-88561?curr=USD&locale=en-US,https://ak-d.tripcdn.com/images/fd/tg/g1/M00/C7/7D/CghzflWwsjCAVXqWAEQ20xQzA-A100_C_180_240_Q70.webp?proc=source%2ftrip
Taipei Sightseeing Bus Hop On Hop Off,台北雙層觀光巴士, 4.5/5,['N/A'],['N/A'],N/A,N/A,4-48 hours,"Taipei Station, Taipei City",Free,活動,"Especially convenient. Basically covers the main attractions in the city. The child is very excited to sit on the second floor and watch the scenery, which is a special experience. Unlimited number of times, so you can stop and walk for each attraction.",https://www.trip.com/travel-guide/attraction/taipei/taipei-sightseeing-bus-hop-on-hop-off-33764668?curr=USD&locale=en-US,https://ak-d.tripcdn.com/images/1lo6f12000cxyp8bz41D5_C_180_240_Q70.webp?proc=source%2ftrip
Taiwan Science Education Center,台灣科學教育館, 4.3/5,"['Tuesday-Friday:', 'Saturday-Sunday:']","['09:00-17:00', '09:00-18:00']",N/A,N/A,2-3 hours,"No.189 Shishang Road, Shilin District, Taipei 111, Taiwan",$2.87 ,觀光,"In this area, fruit 3 big wild play, planetarium, children's new paradise, between the buried scorpion...maybe there will be less and less than it. The place is also big, but it may be a wider theme and a little less focused. The impression is from physical science, human genetics, mechanical mechanics, acoustics... Don't count, there are D, you can talk rich, but you have to have children who are really full of words. I think most of the flowers are seen.",https://www.trip.com/travel-guide/attraction/taipei/taiwan-science-education-center-13425894?curr=USD&locale=en-US,https://ak-d.tripcdn.com/images/100t0g0000007ru93F679_C_180_240_Q70.webp?proc=source%2ftrip
Taipei Xiahai City God Temple,台北霞海城隍廟, 4.4/5,['Open daily'],['7:00-19:00'],N/A,N/A,1-3 hours,"No.61 First Section Dihua Street, Taipei, Taiwan",Free,觀光,"Xiahai City God Temple is really good ∼ The weather today is very good... The crowd is very crowded, not faded due to the epidemic... I happened to meet the ""hands in the palm"" performance that is being ""made"" and the newcomer feedback is attached to the visit process... I wish everyone can find their own other ""half""",https://www.trip.com/travel-guide/attraction/taipei/taipei-xiahai-city-god-temple-10520712?curr=USD&locale=en-US,https://ak-d.tripcdn.com/images/10030j000000a046f52AD_C_180_240_Q70.webp?proc=source%2ftrip
Songshan Airport Observation Deck,松山機場觀景台, 4.9/5,['Open daily'],['9:00-21:00'],N/A,N/A,1-2 hours,"No. 340-9, Dunhua N. Rd., Songshan, Taipei 105 Taiwan",Free,觀光,"The three-story hall is the branch venue of the annual fashion week, which can be regarded as representing the trendy spirit of Taiwan. Many Roman columns are in one corner, the area is large and very stylish. Luxury brands basically have everything. The service desk on the basement floor here can directly handle tax refunds, which is particularly convenient. If the amount is not high, you can get the tax refund directly. If the amount is too high, you will get a stamp and go to the airport to pick it up. There are not many airport tax refunders, just scan the machine, and then go to the tax refund counter to get the money. There is a famous Ding Taifeng on the basement floor, but it is still in line at 9 pm. There are still some handwriting on the basement floor, but only the famous micro-hot hills, a small counter. It seems to remember to sell only three kinds.",https://www.trip.com/travel-guide/attraction/taipei/songshan-airport-observation-deck-58376802?curr=USD&locale=en-US,https://ak-d.tripcdn.com/images/1lo5w12000chbrdzk59F5_C_180_240_Q70.webp?proc=source%2ftrip
Beitou Public Hotspring,北投公園親水公園露天溫泉, 5/5,['Open daily'],['5:30-7:30;8:00-10:00;10:30-13:00;13:30-16:00;16:30-19:00;19:30-22:00'],N/A,N/A,N/A,"No. 6號, Zhongshan Rd, Beitou District, Taipei City, Taiwan 112",Free,活動,"There is a lotus pond in Beitou Park. It is in the early summer season. The cool breeze on the pool is slowly, and the lotus fragrance is full of summer style. part 2",https://www.trip.com/travel-guide/attraction/taipei/beitou-public-hotspring-137304984?curr=USD&locale=en-US,https://ak-d.tripcdn.com/images/100k0l000000culsaCD92_C_180_240_Q70.webp?proc=source%2ftrip
Sasha Alex Sloan : "Me Again" Tour – ASIA in Taipei 2024,【台北】Sasha Alex Sloan 2024《Me Again》演唱會,N/A,['Open daily'],['undefined'],N/A,N/A,N/A,Taipei International Convention Center (TICC),Free,,N/A,https://www.trip.com/travel-guide/attraction/taipei/sasha-alex-sloan-me-again-tour-asia-in-taipei-2024-148412259?curr=USD&locale=en-US,https://ak-d.tripcdn.com/images/0ww2o12000cjqcci283AA_C_180_240_Q70.webp?proc=source%2ftrip
Lin An Tai Historical House and Museum,林安泰古厝, 4.6/5,['Tuesday-Sunday:'],['9:00-17:00'],N/A,N/A,1-3 hours,"No.5, Binjiang Street, Taipei 10491, Taiwan",Free,觀光,"Lin Antai Ancient Temple - also known as Rong Tai Temple, built in the year of Qianlong in the present Da'an District, in 1978 due to the road widening and demolition, for the Ming and Qing Dynasties style of the single-story two-in-one courtyard house, with water-shaped gables, swallow-tailed roof ridge, to sacrifice the ancestors' main hall as the central axis, in front of the nest Sanchuanmen, Outside the front door, the moon eyebrows pool. part 3",https://www.trip.com/travel-guide/attraction/taipei/lin-an-tai-historical-house-and-museum-13425825?curr=USD&locale=en-US,https://ak-d.tripcdn.com/images/0106712000d4jzuwnBEC6_C_180_240_Q70.webp?proc=source%2ftrip
Taipei Palace Museum Library and Literature Museum,台北故宮博物院圖書文獻館, 4.5/5,['N/A'],['N/A'],N/A,N/A,6 hours,"No. 221, Sec 2, Zhi Shan Rd, Shilin District, Taipei City, Taiwan 111",Free,觀光,"The Taipei Palace Museum is a place worth staying for a whole day, especially those who like to collect and appreciate, or ancient players, who are excited about history will love it, because there are too many treasures in the Taipei Palace Museum, which is dazzling. Take the Taipei Metro (MRT) Shilin Station Exit 1 and go straight for 100 meters. There are many buses to the Forbidden City. There are designated drinking points. The entrance will be opened for inspection. There is a free gift storage on the right side of the entrance. The whole hall does not provide meals. It takes at least 4 or 5 hours to visit and the hall is closed at 6:30.",https://www.trip.com/travel-guide/attraction/taipei/taipei-palace-museum-library-and-literature-museum-23866568?curr=USD&locale=en-US,https://ak-d.tripcdn.com/images/0103l12000e61itgf520A_C_180_240_Q70.webp?proc=source%2ftrip
Tamsui Old Street,淡水老街, 4.5/5,['Open daily'],['Open all day'],N/A,N/A,2-4 hours,"No. 1, Zhongzheng Rd, Tamsui District, New Taipei City, Taiwan 251",Free,活動,Really nice area for souvenir shopping and some street snacks. Worth a day trip,https://www.trip.com/travel-guide/attraction/new-taipei-city/tamsui-old-street-88672?curr=USD&locale=en-US,https://ak-d.tripcdn.com/images/100k0r000000gtw0qAF30_C_180_240_Q70.webp?proc=source%2ftrip
Shifen Old Street,十分老街, 4.6/5,['Open daily'],['Open all day'],N/A,N/A,1-2 hours,"Pingxi District, New Taipei City, Taiwan 226",Free,活動,we booked a one day trip covering 3 places in a day. this is the last destination during our trip. nice place to visit for short period. bought a nice keychain here. the are few eateries selling local snacks.,https://www.trip.com/travel-guide/attraction/new-taipei-city/shifen-old-street-18119246?curr=USD&locale=en-US,https://ak-d.tripcdn.com/images/100m0r000000hm7ygCAB0_C_180_240_Q70.webp?proc=source%2ftrip
Zhuzihu,竹子湖, 4.6/5,['Open daily'],['Open all day'],N/A,N/A,1-3 hours,"Beitou District, Taipei City, Taiwan 112",Free,觀光,"The whole tree is yellow and the golden maple is yellow, the leaves are beginning to turn red, the mango flowers are blooming along the side of the creek, and the bamboo lake after the winter is set up. Under the warm winter sun, it is already a bleak atmosphere in late autumn. part 2",https://www.trip.com/travel-guide/attraction/taipei/zhuzihu-96065?curr=USD&locale=en-US,https://ak-d.tripcdn.com/images/100b1f000001gsm6lC5C0_C_180_240_Q70.webp?proc=source%2ftrip
Xpark Aquarium,Xpark 水族館, 4.7/5,"['Saturday:', 'Monday-Friday,Sunday:']","['10:00-20:00 (Latest entry time:19:00)', '10:00-18:00 (Latest entry time:17:00)']",N/A,N/A,2-3 hours,320桃園市中壢區春德路105號,$18.31 ,活動,"As a foreigner, I enjoyed spending time here. The place looks so pretty, and the fish here are awesome, especially the jellyfish.",https://www.trip.com/travel-guide/attraction/taoyuan/xpark-aquarium-133903160?curr=USD&locale=en-US,https://ak-d.tripcdn.com/images/10021f000001gxbp06CDB_C_180_240_Q70.webp?proc=source%2ftrip
Chris James : Dopamine Overload Asia Tour 2024｜Concert,【台北】Chris James亞洲巡演,N/A,['Open daily'],['undefined'],N/A,N/A,N/A,"5/F, No. 2, Section 3, Civic Blvd, Zhongzheng District, Taipei City",Free,,N/A,https://www.trip.com/travel-guide/attraction/taipei/chris-james-dopamine-overload-asia-tour-2024concert-145104197?curr=USD&locale=en-US,https://ak-d.tripcdn.com/images/01023120009fr198v190D_C_180_240_Q70.webp?proc=source%2ftrip
HIKARU UTADA SCIENCE FICTION TOUR 2024 in Taipei | Concert | Taipei Arena,【台北】宇多田光2024《HIKARU UTADA SCIENCE FICTION》巡迴演唱會,N/A,['Open daily'],['undefined'],N/A,N/A,N/A,"No. 2, Section 4, Nanjing East Road, Songshan District, Taipei City",Free,,N/A,https://www.trip.com/travel-guide/attraction/taipei/hikaru-utada-science-fiction-tour-2024-in-taipei-concert-taipei-arena-148425929?curr=USD&locale=en-US,https://ak-d.tripcdn.com/images/1lo1312000eitd114D4FB_C_180_240_Q70.webp?proc=source%2ftrip
Formosa Express,環島之星-迪士尼列車, 4.6/5,['N/A'],['N/A'],N/A,N/A,1-4 hours,"No. 3, Beiping West Road, Zhongzheng District, Taipei City (EZTravel Taipei Station Store - Taipei Train Station Hall, near the North Third Gate and the West First Gate)",$21.06 ,活動,"I like it very much. The facilities in the car are good, the windows are big enough, the scenery along the way is very interesting, the air-conditioning is cool, the front and back rows can sit together, the conversation is convenient, the travel is convenient, the fruit, the drink, very easy to play, suitable for middle-aged people and the elderly to travel, it is worth recommending!",https://www.trip.com/travel-guide/attraction/taipei/formosa-express-10559351?curr=USD&locale=en-US,https://ak-d.tripcdn.com/images/0102m12000dq97icnCC3B_C_180_240_Q70.webp?proc=source%2ftrip
Shin Kong Life Tower,新光人壽保險摩天大樓, 4.1/5,['N/A'],['N/A'],N/A,N/A,1-2 hours,"66 Chunghsiao West Road | Zhongzheng, Taipei, Taiwan",Free,觀光,"The insurance building is of course nothing to visit, but we are coming to Xinguang Department Store to buy things, Taiwan Xinguang Department Store we still like, the service is the same as the Japanese department store, the brand is more, the price is much cheaper than the same model in the mainland.",https://www.trip.com/travel-guide/attraction/taipei/shin-kong-life-tower-22846586?curr=USD&locale=en-US,https://ak-d.tripcdn.com/images/0102x12000eb2ei3pE371_C_180_240_Q70.webp?proc=source%2ftrip
aespa 2024 SYNK: Parallel Line Tour,【中國台灣台北】aespa《SYNK : PARALLEL LINE》2024世界巡迴演唱會,N/A,['Friday-Sunday:'],['undefined'],N/A,N/A,N/A,國立體育大學綜合體育館（林口體育館）,Free,,N/A,https://www.trip.com/travel-guide/attraction/taoyuan/aespa-2024-synk-parallel-line-tour-148420345?curr=USD&locale=en-US,https://ak-d.tripcdn.com/images/0104v12000chstiazD0BD_C_180_240_Q70.webp?proc=source%2ftrip
Dalongdong Bao An Temple,大龍峒保安宮, 4.6/5,['Open daily'],['06:30-21:00'],N/A,N/A,1-3 hours,"No.61 Hami Street, Datong, Taipei 103 Taiwan",Free,觀光,"Congratulations to the Great Pawson for Christmas. The Great Pawson came to the Dalongxu Security Palace for Christmas to visit, pray for good health and peace, and enjoy the beautifully shaped lanterns in the palace.",https://www.trip.com/travel-guide/attraction/taipei/dalongdong-bao-an-temple-85927?curr=USD&locale=en-US,https://ak-d.tripcdn.com/images/0ww6412000945ue63A46A_C_180_240_Q70.webp?proc=source%2ftrip
The Lin Yutang House,林語堂故居, 4.5/5,['Tuesday-Sunday:'],['9:00-17:00'],N/A,N/A,1-2 hours,"No.141 Section 2, Yangde Ave, Taipei 111, Taiwan",Free,觀光,"Former residence of Lin Yutang - A generation of Chinese masters living in Yangming Mountain in their later years, designed the building where they lived in retirement, adopted the concept of Chinese and Western mergers, with Chinese blue glazed house tiles, Western-style columns with twisted rope lines, and designed the second-level external landscape Yang using the gap of natural terrain Taiwan, both ventilation and lighting, the current house displays the memory of the former owner, which makes people feel ancient and serene.",https://www.trip.com/travel-guide/attraction/taipei/the-lin-yutang-house-85928?curr=USD&locale=en-US,https://ak-d.tripcdn.com/images/0103412000e906u8x1226_C_180_240_Q70.webp?proc=source%2ftrip
National Museum of History,台灣歷史博物館, 4.7/5,['Tuesday-Saturday:'],['10:00-18:00'],"Monday,Sunday:",Closed all day,1-3 hours,"No.49 Nanhai Road, Zhongzheng District, Taipei 100 Taiwan",Free,觀光,"Taiwan History Museum, referred to as the Museum of History, was originally called the Museum of Historical Cultural Relics, the first public museum established after the government of the Republic of China moved to Taiwan, and some of the cultural relics came from the original Henan Museum (now Henan Museum). The original site is the Taiwan Governor's Mansion's property exhibition hall, built in the Japanese period in 1916. After the Shibo Hall moved in, the overall building was gradually converted from the original wooden building to a Chinese palace. After many years of closure, the museum was re-opened for public visits in 2024. part 2",https://www.trip.com/travel-guide/attraction/taipei/national-museum-of-history-80597?curr=USD&locale=en-US,https://ak-d.tripcdn.com/images/100k080000003iti4FD6F_C_180_240_Q70.webp?proc=source%2ftrip
Heping Island Park,和平島地質公園, 4.7/5,['Open daily'],['08:00-19:00'],N/A,N/A,1-2 hours,"No. 360號, Pingyi Rd, Zhongzheng District, Keelung City, Taiwan 202",$3.29 ,活動,A good place to visit to learn and understand about natural rocks formation. The rocks here are formed naturally by sea water and wind. All rocks will look different overtime and it is up to your imagination on what the rock looks like. There are schedule guided tour here. Have to book a slot at the tourist centre.,https://www.trip.com/travel-guide/attraction/keelung/heping-island-park-87607?curr=USD&locale=en-US,https://ak-d.tripcdn.com/images/10070z000000myos50167_C_180_240_Q70.webp?proc=source%2ftrip
Dajia Riverside Park,大佳河濱公園, 4.5/5,['Open daily'],['Open all day'],N/A,N/A,N/A,"Zhongshan Dist., Taipei, Taiwan",Free,活動,"The Dajia Riverside Park section of Keelung River is currently arranged with sunflowers and Persian chrysanthemums for the annual flower sea landscape, and the Dazhiqiao and Yuanshan Hotel in the distance have become the most beautiful background when enjoying flowers and taking pictures.",https://www.trip.com/travel-guide/attraction/taipei/dajia-riverside-park-22846580?curr=USD&locale=en-US,https://ak-d.tripcdn.com/images/100g0h00000094fll6E8C_C_180_240_Q70.webp?proc=source%2ftrip
Pier 5,大稻埕碼頭貨櫃市集, 5/5,"['Saturday-Sunday:', 'Monday-Friday:']","['12:00-22:00', '16:00-22:00']",N/A,N/A,1.5-3 hours,"Bottom of Minsheng West Road, Datong District, Taipei City (Dadaoyu Pier-Inside Water Gate No. 5)",Free,活動,"Ren'an Hospital - It was built in Showa 2 years (1927), a hospital opened for locals, and the doctors and grandparents were doctors for three generations. It was widely known as the medical service in Dadaocheng area, and made Ren'an Hospital one of the most important hospitals in Dadaocheng. The facade of the building is baroque carved, and the whole is very stable. The daughter wall above is decorated in a lot of detail. The bottom is to wash stones and some magnet tiles. The building is a shop house building on the second floor, a corner seven-open street house, a corner facade window for three small rooms, and the other windows for two small rooms.",https://www.trip.com/travel-guide/attraction/taipei/pier-5-78410027?curr=USD&locale=en-US,https://ak-d.tripcdn.com/images/10060l000000csz4l8CDE_C_180_240_Q70.webp?proc=source%2ftrip
Tamsui Fisherman's Wharf,漁人碼頭, 4.7/5,['Open daily'],['Open all day'],N/A,N/A,2-3 hours,"Tamsui Fisherman's Wharf, Taiwan",Free,活動,"Freshwater Fisherman's Wharf - New Beishifu has been developed into a multi-functional leisure fishing port with beautiful floating piers and a wide port area park, and a boat-shaped bridge across the port area for pedestrians to view. There are also more than 330 metres of wooden plank road on the pier, leaning against the fence to enjoy the view of the Vale Estuary, is a leisurely enjoyment, and the Fisherman's Wharf in the evening is one of the best places to enjoy the sunset.",https://www.trip.com/travel-guide/attraction/new-taipei-city/tamsui-fisherman-s-wharf-10758653?curr=USD&locale=en-US,https://ak-d.tripcdn.com/images/100t0n000000eaz1q716B_C_180_240_Q70.webp?proc=source%2ftrip
Taipei《Detective Conan 30th Anniversary Commemorative Exhibition》,台北《名偵探柯南 連載30週年紀念展》, 4.8/5,['Open daily'],['11:00-21:30'],N/A,N/A,N/A,台灣台北市信義區松壽路11號６樓,$11.60 ,,"Very detailed introduction of Conan's history, story, history, photos, and sub-themes to show small stories, especially a district crime area, see the perpetrators and the equipment used, of course, the favorite will be love stories, introduced Xiaolan and Xinyi, clothing department and Ye, And their family background is also very clear, very recommended Conan fans to explore",https://www.trip.com/travel-guide/attraction/taipei/taipeidetective-conan-30th-anniversary-commemorative-exhibition-148418443?curr=USD&locale=en-US,https://ak-d.tripcdn.com/images/0102422156x2rgqcwB480_C_180_240_Q70.webp?proc=source%2ftrip
Zhongxiao Road,忠孝東路, 4.9/5,['N/A'],['N/A'],N/A,N/A,2-3 hours,"Zhongxiao East Road, Daan District, Taipei City",Free,活動,It's a shopping paradise. All the of the road can find a lot of shops and restaurants. Good place for shopping.,https://www.trip.com/travel-guide/attraction/taipei/zhongxiao-road-100278?curr=USD&locale=en-US,https://ak-d.tripcdn.com/images/100s1f000001gx701EFF3_C_180_240_Q70.webp?proc=source%2ftrip
Huashan Yiwen Art Gallery,華山藝文特區, 4.8/5,['N/A'],['N/A'],N/A,N/A,N/A,"Zhongzheng District, Taipei City, Taiwan 100",Free,活動,"Huashan Creative Culture Park, also known as ""Huashan Art and Culture Special Zone Huashan Cultural Park, formerly known as ""Taipei Winery"", is a monument in Taipei City, Taiwan. It was founded in 1914 in the Japanese period. It was originally a wine factory of Fangjiu Co., Ltd., autocratic sake, butterfly orchid, ginseng wine.",https://www.trip.com/travel-guide/attraction/taipei/huashan-yiwen-art-gallery-24650428?curr=USD&locale=en-US,https://ak-d.tripcdn.com/images/1lo3712000e9265ym5A78_C_180_240_Q70.webp?proc=source%2ftrip
Window on World Theme Park,小人國主題樂園, 4.5/5,['Open daily'],['09:00-16:30'],N/A,N/A,0.5-1 day,"No. 891, Gaoyuan Rd, Longtan District, Taoyuan City, Taiwan 325",$40.67 ,活動,"The various models are still Weimiao Weixiao, which is more suitable for children to come and see. Of course, there are actually more opportunities to go abroad now, so it is not very unusual to see this kind of thing, for adults.",https://www.trip.com/travel-guide/attraction/taoyuan/window-on-world-theme-park-88422?curr=USD&locale=en-US,https://ak-d.tripcdn.com/images/100o1f000001gp51dCF0C_C_180_240_Q70.webp?proc=source%2ftrip
2-28 Memorial Museum,二二八紀念和平公園, 4.4/5,['Open daily'],['Open all day'],N/A,N/A,1-3 hours,"No. 3, Ketagalan Blvd, Zhongzheng District, Taipei City, Taiwan 100",Free,活動,"Not far from the Governor General Building, it is with the Taipei Museum. Because it is possible to take a quiet walk, you can take a leisurely look around for a while.",https://www.trip.com/travel-guide/attraction/taipei/2-28-memorial-museum-85890?curr=USD&locale=en-US,https://ak-d.tripcdn.com/images/1mh2m2215g6hqun74DDBF_C_180_240_Q70.webp?proc=source%2ftrip
Qixing Mountain,七星山步道, 4.7/5,['Open daily'],['Open all day'],N/A,N/A,1-2 hours,"Shichisei Mountain, Beitou District, Taipei City, Taiwan 112",Free,活動,"It's terrible, it's very hard to climb, it may be too long without exercise and the physical strength has deteriorated! The scenery is beautiful when I climb up hard, but I am really tired! I didn't expect that the top of the mountain is as crowded as the vegetable market, and I suddenly feel that I am too weak! ??",https://www.trip.com/travel-guide/attraction/taipei/qixing-mountain-13425750?curr=USD&locale=en-US,https://ak-d.tripcdn.com/images/1lo4x12000cf2go110A05_C_180_240_Q70.webp?proc=source%2ftrip
Hsin Tung Yang (Wuchang Branch),武昌街, 4.6/5,['N/A'],['N/A'],N/A,N/A,1-2 hours,"Wuchang Street, Ximending Shopping District, Taipei",Free,活動,Wuchang Street is a place dominated by old houses. It feels like time and space. The shops on both sides are also traditional. I like this street very much. The local taste is strong.,https://www.trip.com/travel-guide/attraction/taipei/hsin-tung-yang-18700398?curr=USD&locale=en-US,https://ak-d.tripcdn.com/images/fd/tg/g2/M08/2E/37/Cghzf1W2KnmAZl-MADoinL5fsZo596_C_180_240_Q70.webp?proc=source%2ftrip
Houtong Cat Village,N/A, 4.5/5,['Open daily'],['Open all day'],N/A,N/A,1-3 hours,"Houtong Cat Village, Ruifang District, New Taipei City, Taiwan 224",Free,活動,"Cat village with only cats sleeping, a lot of people, recommend to go on weekdays because there will not be many people.",https://www.trip.com/travel-guide/attraction/new-taipei-city/houtong-cat-village-10523113?curr=USD&locale=en-US,https://ak-d.tripcdn.com/images/100w0r000000gvz9d3794_C_180_240_Q70.webp?proc=source%2ftrip
Yangming Shuwu,陽明書屋, 4.5/5,['Open daily'],['9:00-16:30'],N/A,N/A,1-3 hours,"112, Taiwan, Taipei City, Beitou District",Free,觀光,"Yangming Bookstore is a villa made by Jiang's couple. Located in a very beautiful place in Yangming Mountain, it is actually not possible to take pictures, so I took pictures around it. It is worth visiting a little attraction.",https://www.trip.com/travel-guide/attraction/taipei/yangming-shuwu-92923?curr=USD&locale=en-US,https://ak-d.tripcdn.com/images/10030q000000goi4a969F_C_180_240_Q70.webp?proc=source%2ftrip
Xiaoyoukeng Visitor Center,小油坑遊客服務站, 4.4/5,['Open daily'],['9:00-16:30'],N/A,N/A,1-4 hours,"No. 69號, Yangming Creek Walkway, Beitou District, Taipei City, Taiwan 112",Free,活動,"The small oil pit is located on the western slope of Qixing Mountain, also known as the sulfur valley, which represents the landscape of Qixing Mountain. Under the action of a vigorous post-volcano, the underground heat source is still very vigorous, and the sulfur jet is spewed from a thinner part of the earth's crust and creaking. Come here to enjoy a string of crystalline, needle-like, yellow color, beautiful sulfur crystallization, and listen to the burst of the jet mouth, experience the situation of volcanic activity.",https://www.trip.com/travel-guide/attraction/taipei/xiaoyoukeng-visitor-center-88568?curr=USD&locale=en-US,https://ak-d.tripcdn.com/images/1A0g13000000vbz5qAF1D_C_180_240_Q70.webp?proc=source%2ftrip
Leofoo Village Theme Park,六福村主題樂園, 4.6/5,"['Monday-Friday:', 'Saturday-Sunday:']","['9:30-17:00', '9:00-17:00']",N/A,N/A,0.5-1 day,"306, Taiwan, Hsinchu County, Guanxi Township, 60號",$35.55 ,活動,"There are animals to see, and young children have some facilities to play. It is gone for a day. When they go, they also encounter a Halloween parade. It is very good, but the children are a little afraid of dressing up as realistic staff.",https://www.trip.com/travel-guide/attraction/hsinchu-county/leofoo-village-theme-park-87697?curr=USD&locale=en-US,https://ak-d.tripcdn.com/images/tg/571/530/961/b6889b2bec1f4d528fdbda4492c0ee1a_C_180_240_Q70.webp?proc=source%2ftrip
Taibeishi Dianying Theme Park,台北市電影主題公園, 4.3/5,['Open daily'],['10:00-22:00'],N/A,N/A,0.5-1 day,"No. 19, Kangding Rd, Wanhua District, Taipei City, Taiwan 108",Free,活動,"The theme park most attracted us is not the theme of the movie, but there are beautiful graffiti everywhere, of course, many graffiti is also based on the movie picture, quite artistic a place",https://www.trip.com/travel-guide/attraction/taipei/taibeishi-dianying-theme-park-24653022?curr=USD&locale=en-US,https://ak-d.tripcdn.com/images/100f0d0000006ujb701C1_C_180_240_Q70.webp?proc=source%2ftrip
National Palace Museum Children's Gallery,國立故宮博物院兒童學藝中心, 5/5,['Tuesday-Sunday:'],['9:00-17:00'],N/A,N/A,1-2 hours,"No. 221, Section 2, Zhishan Road, Shilin District, Taipei",Free,觀光,National Museum of Taiwan with various art for tourists to see,https://www.trip.com/travel-guide/attraction/taipei/national-palace-museum-children-s-gallery-56809257?curr=USD&locale=en-US,https://ak-d.tripcdn.com/images/100w1f000001gwcvcCF1C_C_180_240_Q70.webp?proc=source%2ftrip
