basicName,subTitleName,rating,openDate,openTime,address,price,label,review,url,img,monOpen,monClose,tuesOpen,tuesClose,wedOpen,wedClose,thursOpen,thursClose,friOpen,friClose,satOpen,satClose,sunOpen,sunClose,recommend,monTime,tuesTime,wedTime,thursTime,friTime,satTime,sunTime
yan xi shan gu ju,閻錫山故居,4.6,['Tuesday-Sunday'],['10:00-17:00'],111台灣台北市士林區永公路245巷34弄273號,0.0,活動,,https://www.trip.com/travel-guide/attraction/taipei/city-142271596?curr=USD&locale=en-US,https://ak-d.tripcdn.com/images/fd/tg/g1/M06/FC/24/CghzflW7H_iATdynAAA-FlXAIeA738_C_180_240_Q70.webp?proc=source%2ftrip,0.0,0.0,600.0,1020.0,600.0,1020.0,600.0,1020.0,600.0,1020.0,600.0,1020.0,600.0,1020.0,2.5,0,10:00-17:00,10:00-17:00,10:00-17:00,10:00-17:00,10:00-17:00,10:00-17:00
Yilan Station,宜蘭車站,4.3,['Open daily'],['Open all day'],"26043No. 1號, Guangfu Rd, Yilan City, Yilan County, Taiwan 260",0.0,活動,"After getting off the train, I felt that Yilan Station was a bit old, and the platform and lobby were a bit outdated. But there are different views when you look outside. There is a model of a giraffe in the station building, plus the wood rhyme map on the exterior wall, which is a bit refreshing.",https://www.trip.com/travel-guide/attraction/yilan/yilan-station-38546344?curr=USD&locale=en-US,https://ak-d.tripcdn.com/images/100j160000010fj6w0155_C_180_240_Q70.webp?proc=source%2ftrip,0.0,1440.0,0.0,1440.0,0.0,1440.0,0.0,1440.0,0.0,1440.0,0.0,1440.0,0.0,1440.0,3.0,00:00-24:00,00:00-24:00,00:00-24:00,00:00-24:00,00:00-24:00,00:00-24:00,00:00-24:00
Shiniou Mountain,石牛山,5.0,,,"Guanxi Township, Hsinchu 306 Taiwan",0.0,活動,"(Business hours are inaccurate) Shiniu Mountain, named for the peak of the giant rock like a lying cow, is located at the junction of Hsinchu Kansai and Taoyuan, 671 meters above sea level, third-class triangle point, number 6247, Taiwan Xiaobaiyue #25. The view is very wide, Shimen Reservoir, Outer Birdsui Mountain, Ma Wudu, Dahanxi River Valley and Daxi, Longtan, Three Gorges scenery is like a panoramic view, just in time for the sunny weather and the snow-capped mountains of the Dabajian Mountain. Good physical strength can be combined with Shimen Mountain and Shiniu Mountain to form 8 words to walk, about11-12 hours back and forth",https://www.trip.com/travel-guide/attraction/hsinchu-county/shiniou-mountain-50561551?curr=USD&locale=en-US,https://ak-d.tripcdn.com/images/0106v120009g3u6op325B_C_180_240_Q70.webp?proc=source%2ftrip,558.6849238402771,1274.7794853304667,558.6841689578513,1274.779091891969,558.6823306724004,1274.7775211928902,558.6833571388023,1274.7784369064025,558.6898214387296,1274.7828860950235,551.9317925777982,1270.2147129480695,551.9317913835341,1268.1025293472571,5.0,09:00-21:00,09:00-21:00,09:00-21:00,09:00-21:00,09:00-21:00,09:00-21:00,09:00-21:00
cui hu,翠湖,5.0,,,110台灣台北市信義區,0.0,觀光,"(Business hours are inaccurate) The large fountain in front of the Sun Yat-sen Memorial Hall was officially opened after reconstruction. The pond around the pond can enjoy the mirror reflection of the entire memorial hall, especially the water mist sprayed every evening, adding a beautiful atmosphere.",https://www.trip.com/travel-guide/attraction/taipei/city-90916509?curr=USD&locale=en-US,https://ak-d.tripcdn.com/images/1mh4l2224xccqjf34B8E8_C_180_240_Q70.webp?proc=source%2ftrip,558.691601067927,1274.7771097585858,558.6899754490029,1274.7759969643043,558.6859535828676,1274.7734176813956,558.6881092038718,1274.7747755418125,558.7023477592705,1274.7842416584128,551.9318266170677,1269.9008079149787,551.931827805523,1267.6825130932991,2.5,09:00-21:00,09:00-21:00,09:00-21:00,09:00-21:00,09:00-21:00,09:00-21:00,09:00-21:00
Taipei Expo Park,花博公園,4.6,['Open daily'],['Open all day'],"No.1, Yumen St., Zhongshan Dist., Zhongshan District, Taipei 10452 Taiwan",0.0,觀光,"Huabo Park is really a good place to walk, picnic, and relax in a daze. It covers a wide area and does not have to worry about crowding. It is the best choice for friends who like outdoor space.",https://www.trip.com/travel-guide/attraction/taipei/taipei-expo-park-13382818?curr=USD&locale=en-US,https://ak-d.tripcdn.com/images/10020r000000hh3quC5F3_C_180_240_Q70.webp?proc=source%2ftrip,0.0,1440.0,0.0,1440.0,0.0,1440.0,0.0,1440.0,0.0,1440.0,0.0,1440.0,0.0,1440.0,2.5,00:00-24:00,00:00-24:00,00:00-24:00,00:00-24:00,00:00-24:00,00:00-24:00,00:00-24:00
Yangmingshan Zhongshan Hall,陽明山中山樓,4.3,['Open daily'],['9:45-15:30'],"No. 15, Section 2, Yangming Road, Beitou District, Taipei City, Taiwan 112",0.0,觀光,"At the foot of Yangming Mountain. Although it is at the foot of the mountain, it is also a strong sulfur smell. Originally built for Mr. Zhongshan's 100th birthday, it was converted to a place where the National Congress of the Ten Thousand Years will meet. Now in idle, you can use it for renting meetings.",https://www.trip.com/travel-guide/attraction/taipei/yangmingshan-zhongshan-hall-20905969?curr=USD&locale=en-US,https://ak-d.tripcdn.com/images/0ww0d120009rleq142B70_C_180_240_Q70.webp?proc=source%2ftrip,585.0,930.0,585.0,930.0,585.0,930.0,585.0,930.0,585.0,930.0,585.0,930.0,585.0,930.0,1.5,09:30-15:30,09:30-15:30,09:30-15:30,09:30-15:30,09:30-15:30,09:30-15:30,09:30-15:30
Yang Ming Shan Qing Tian Gang,,5.0,,,"No. 246, Ln. 101, Jingshan Rd, Shilin, Taipei China",0.0,觀光,"(Business hours are inaccurate) Went in end Oct. Was too misty to see anything but when the clouds dispersed, you can see some water buffaloes and calves. Me and my partner drove there, you will need to pay for parking NT30 per half hour if I remembered correctly.",https://www.trip.com/travel-guide/attraction/taipei/yang-ming-shan-qing-tian-gang-131911188?curr=USD&locale=en-US,https://ak-d.tripcdn.com/images/0ww4d12000ardm86sCA1C_C_180_240_Q70.webp?proc=source%2ftrip,558.6928448345761,1274.7780624524537,558.6915327528437,1274.7772824922747,558.6881139786785,1274.7751744559423,558.6899724074494,1274.776324764944,558.7017436028883,1274.783461864325,551.9318282431362,1269.8993707889292,551.9318284373959,1267.6817316380277,2.5,09:00-21:00,09:00-21:00,09:00-21:00,09:00-21:00,09:00-21:00,09:00-21:00,09:00-21:00
Zhengbin Fishing Harbor,正濱漁港,4.8,,,"No. 391, Zhongzheng Road, Keelung",0.0,觀光,"(Business hours are inaccurate) Zhengbin Fishing Port in Taiwan provides a unique tourist experience, offering a glimpse into the local fishing industry and coastal life. Visitors can witness the bustling activities of fishermen, explore the vibrant market with fresh seafood, and even try some delicious local dishes. Take a stroll along the waterfront, appreciate the picturesque views, and perhaps engage with the friendly locals. It's a great opportunity to immerse yourself in Taiwan's maritime culture and savor the authenticity of a working fishing port.",https://www.trip.com/travel-guide/attraction/keelung/zhengbin-fishing-harbor-13505942?curr=USD&locale=en-US,https://ak-d.tripcdn.com/images/0106s12000a2p9gj46AF0_C_180_240_Q70.webp?proc=source%2ftrip,558.686889273382,1274.7754059667757,558.6851092452465,1274.7741932074816,558.6806453156469,1274.771474063737,558.6830306106591,1274.772893765309,558.6987531463602,1274.783055535894,551.9318388817636,1269.856012425413,551.9318400981142,1267.4959689405252,1.5,09:00-21:00,09:00-21:00,09:00-21:00,09:00-21:00,09:00-21:00,09:00-21:00,09:00-21:00
bai ma si,白馬寺,5.0,['Open daily'],['05:00-17:00'],235台灣省新北市中和區興南路三段40巷26號,0.0,活動,"Zhonghe White Horse Temple, the main Buddha of Sakyamuni ～ is a Taoist field of pure land, located in the Nanshijiao Mountain of Zhonghe District, the reason why it is named ""Baima Temple"" is to commemorate ""Luoyang White Horse Temple"" for Buddhism in the beginning of the Central Plains and specially named ""Baima"". The main characteristics of the temple, mainly to the Buddhist pure land zong, to the meditation of Buddha as a practice method, aiming to promote the pure land law. part 2",https://www.trip.com/travel-guide/attraction/new-taipei-city/city-130895862?curr=USD&locale=en-US,https://ak-d.tripcdn.com/images/010352224pe6jwby81725_C_180_240_Q70.webp?proc=source%2ftrip,300.0,1020.0,300.0,1020.0,300.0,1020.0,300.0,1020.0,300.0,1020.0,300.0,1020.0,300.0,1020.0,1.5,05:00-17:00,05:00-17:00,05:00-17:00,05:00-17:00,05:00-17:00,05:00-17:00,05:00-17:00
J-CAR 親子電競卡丁車 (杰運汽車內) (身高130公分以上可遊玩),,4.6,['Tuesday-Sunday'],['11:00-20:00'],112台灣臺北市北投區大度路一段15號1樓,0.0,觀光,,https://www.trip.com/travel-guide/attraction/taipei/city-141698692?curr=USD&locale=en-US,https://ak-d.tripcdn.com/images/fd/tg/g1/M06/FC/24/CghzflW7H_iATdynAAA-FlXAIeA738_C_180_240_Q70.webp?proc=source%2ftrip,0.0,0.0,660.0,1200.0,660.0,1200.0,660.0,1200.0,660.0,1200.0,660.0,1200.0,660.0,1200.0,2.5,0,11:00-20:00,11:00-20:00,11:00-20:00,11:00-20:00,11:00-20:00,11:00-20:00
Donghuashan,東華山,4.6,['Open daily'],['Open all day'],"100, Taiwan, Taipei City, Beitou District",0.0,活動,,https://www.trip.com/travel-guide/attraction/taipei/donghuashan-137229076?curr=USD&locale=en-US,https://ak-d.tripcdn.com/images/fd/tg/g2/M0A/C5/08/Cghzf1W7H_6AKXJzAAA6dsonnm8176_C_180_240_Q70.webp?proc=source%2ftrip,0.0,1440.0,0.0,1440.0,0.0,1440.0,0.0,1440.0,0.0,1440.0,0.0,1440.0,0.0,1440.0,3.0,00:00-24:00,00:00-24:00,00:00-24:00,00:00-24:00,00:00-24:00,00:00-24:00,00:00-24:00
Golden Waterfall,黃金瀑布,4.3,['Open daily'],['Open all day'],"Jinguashi village, Ruifang District, New Taipei, Taiwan",0.0,活動,"The Golden Waterfall is in Ruifang, the scenery is very good, it is a must-see attraction for nine one-day tours, it is quite good, there is also Yinyanghai nearby, it is very suitable for taking pictures, recommend it, you can go and see.",https://www.trip.com/travel-guide/attraction/new-taipei-city/golden-waterfall-10539687?curr=USD&locale=en-US,https://ak-d.tripcdn.com/images/01062120009eh23nx7241_C_180_240_Q70.webp?proc=source%2ftrip,0.0,1440.0,0.0,1440.0,0.0,1440.0,0.0,1440.0,0.0,1440.0,0.0,1440.0,0.0,1440.0,1.0,00:00-24:00,00:00-24:00,00:00-24:00,00:00-24:00,00:00-24:00,00:00-24:00,00:00-24:00
Zhinan Temple,指南宮,4.5,['Open daily'],['6:00-20:00'],"No.115 Wanshu Road, Wenshan District, Taipei, Taiwan",0.0,活動,"Guide Palace - In the foothills of Taipei City, founded in 1890, Wang Yulin from Danshui Zhixian County is a part of the Yongle Palace in Shanxi. Originally built for thatched grass, it has been carefully designed and rebuilt and expanded by Qianxian. The guide palace owner, the god of pure Yang ancestors, Lu Dongbin, officially known as ""Yu You Emperor"", but the folk custom is called the xiangong or Lu Zu. The palace park covers a wide area, with ancient trees towering and shaded the sun. The palace has a total of Chunyang Palace, Lingyu Palace, Daxiong Palace and Dacheng Palace. The main hall is built on the mountain, magnificent and solemn, the building is full of strong blue doulite, some of the temples are covered with copper tiles. There is a promenade between Chunyang and Lingyu, the pavilion and the taiwan, the flowers bloom at four o'clock, the air is fresh, you can see the distant and near landscape of Taipei City, known as the ""first mountain in the world"". part 3",https://www.trip.com/travel-guide/attraction/taipei/zhinan-temple-10354603?curr=USD&locale=en-US,https://ak-d.tripcdn.com/images/10060d0000006ujplAF29_C_180_240_Q70.webp?proc=source%2ftrip,360.0,1200.0,360.0,1200.0,360.0,1200.0,360.0,1200.0,360.0,1200.0,360.0,1200.0,360.0,1200.0,2.0,06:00-20:00,06:00-20:00,06:00-20:00,06:00-20:00,06:00-20:00,06:00-20:00,06:00-20:00
THE WALL MUSIC,THE WALL 公館,4.6,"['Friday-Saturday', 'Sunday']","['19:00-3:00', '19:00-0:00']","B1, No.200, Sec.4, Roosevelt Rd, Wenshan Dist, Taipei 116, Taiwan",0.0,活動,"Very good trip, suitable for the whole family to go out together, the scenery and environment are good, parking is very convenient, will come again next time.",https://www.trip.com/travel-guide/attraction/taipei/the-wall-music-31981377?curr=USD&locale=en-US,https://ak-d.tripcdn.com/images/01058120009cmss4iC382_C_180_240_Q70.webp?proc=source%2ftrip,0.0,0.0,0.0,0.0,0.0,0.0,0.0,0.0,1140.0,1620.0,1140.0,1620.0,1140.0,1440.0,1.5,0,0,0,0,19:00-27:00,19:00-27:00,19:00-24:00
Liang Shi Qiu's Residence,梁實秋故居,4.6,['Tuesday-Friday'],['11:30-17:00'],"No. 11, Yunhe St, Da'an Dist., Da'an, Taipei 106 Taiwan",0.0,觀光,"As a generation of masters, Liang Shiqiu's former residence is very stylish. Although the house is not very big, there are many things about Mr. Liang's life in Taiwan and his works. The garden of the whole former residence is also very beautiful.",https://www.trip.com/travel-guide/attraction/taipei/liang-shi-qiu-s-residence-13424697?curr=USD&locale=en-US,https://ak-d.tripcdn.com/images/0ww6i120009489mrpC12D_C_180_240_Q70.webp?proc=source%2ftrip,0.0,0.0,690.0,1020.0,690.0,1020.0,690.0,1020.0,690.0,1020.0,0.0,0.0,0.0,0.0,1.5,0,11:30-17:00,11:30-17:00,11:30-17:00,11:30-17:00,0,0
Simling Post Office,歪腰郵筒,4.8,['Open daily'],['Open all day'],"No. 102, Longjiang Road, Zhongshan District, Zhongshan District, Taipei 104 Taiwan",0.0,活動,"Because typhoon ""sudiro"" blew the billboard down, hit the two post boxes, became ""crooked waist"", so this crooked waist post box became a new punch card photo attraction. ""crooked waist post box"" is located at the intersection of Nanjing Longjiang in Taipei City. Take the MRT to Nanjing Fuxing MRT Station Exit 1, walk 180 meters west, see 7-11, the mailbox is at the door of 7-11, and the mailbox is across the road from China Airlines. One red and one green, very eye-catching.",https://www.trip.com/travel-guide/attraction/taipei/simling-post-office-55821419?curr=USD&locale=en-US,https://ak-d.tripcdn.com/images/0ww5212000chiu34m5AF6_C_180_240_Q70.webp?proc=source%2ftrip,0.0,1440.0,0.0,1440.0,0.0,1440.0,0.0,1440.0,0.0,1440.0,0.0,1440.0,0.0,1440.0,3.0,00:00-24:00,00:00-24:00,00:00-24:00,00:00-24:00,00:00-24:00,00:00-24:00,00:00-24:00
wei feng ping tai,微風平台,5.0,['Open daily'],['Open all day'],10491台灣臺北市中山區中山北路四段1巷1弄No. 3號,0.0,活動,The breeze viewing platform on Jiantan Mountain has recently added a group of pure white ball viewing platforms to enjoy the magnificent sunset view of Guanyin Mountain in the distance. Part 2,https://www.trip.com/travel-guide/attraction/taipei/city-135309172?curr=USD&locale=en-US,https://ak-d.tripcdn.com/images/0103k12000bbdzn783D3C_C_180_240_Q70.webp?proc=source%2ftrip,0.0,1440.0,0.0,1440.0,0.0,1440.0,0.0,1440.0,0.0,1440.0,0.0,1440.0,0.0,1440.0,3.0,00:00-24:00,00:00-24:00,00:00-24:00,00:00-24:00,00:00-24:00,00:00-24:00,00:00-24:00
Sanxia Old Street,三角湧老街,4.6,"['Monday-Friday', 'Saturday-Sunday']","['10:00-19:30', '9:00-20:00']","Minquan Street, Sanxia District, New Taipei City",0.0,活動,"one of the very crowded old streets in new taipei city... though the journey is a bit far from taipei but its worth the journey.. there are many shops along the streets, from selling clothes, toys to cafes.. the one thing sanxia is famous for is definately the bull's horn bread.. there are many shops selling it and all have different flavours to choose from",https://www.trip.com/travel-guide/attraction/new-taipei-city/sanxia-old-street-92921?curr=USD&locale=en-US,https://ak-d.tripcdn.com/images/100811000000qyn8xB494_C_180_240_Q70.webp?proc=source%2ftrip,600.0,1170.0,600.0,1170.0,600.0,1170.0,600.0,1170.0,600.0,1170.0,540.0,1200.0,540.0,1200.0,1.5,10:00-19:30,10:00-19:30,10:00-19:30,10:00-19:30,10:00-19:30,09:00-20:00,09:00-20:00
Laomei Green Reef,老梅綠石槽,4.6,['Open daily'],['Open all day'],"Shimen District, New Taipei City, Taiwan 253",0.0,活動,"The season should be right, otherwise the stone trough is not green and new, and the old plum is the place name. In the Shimen area, the weather is good and the blue sky is full of green stone troughs will be very beautiful. Remember that you can't step on the stone trough when you are full of green. Take pictures, because it will slip and destroy the stone trough! Safety is important, environmental protection is more important!",https://www.trip.com/travel-guide/attraction/new-taipei-city/laomei-green-reef-13467032?curr=USD&locale=en-US,https://ak-d.tripcdn.com/images/10060v000000jq2fj8C54_C_180_240_Q70.webp?proc=source%2ftrip,0.0,1440.0,0.0,1440.0,0.0,1440.0,0.0,1440.0,0.0,1440.0,0.0,1440.0,0.0,1440.0,2.0,00:00-24:00,00:00-24:00,00:00-24:00,00:00-24:00,00:00-24:00,00:00-24:00,00:00-24:00
Jishan Street Night Market,基山街夜市,4.5,['Open daily'],['Open all day'],"Jishan Street, Ruifang District, New Taipei City",0.0,觀光,"Most of the nine servings of food are gathered here. Recommended taro round, taste very Q, and the aroma of taro and sweet potatoes. The soup base is boiled with red beans and mung beans, and the smell is fragrant. The snow is burning, it is a very special match, you can try it, not stepping on thunder. Red meat round, taste a bit special, fish ball soup is OK.",https://www.trip.com/travel-guide/attraction/new-taipei-city/jishan-street-night-market-96941?curr=USD&locale=en-US,https://ak-d.tripcdn.com/images/0105i120008g2mued00F3_C_180_240_Q70.webp?proc=source%2ftrip,0.0,1440.0,0.0,1440.0,0.0,1440.0,0.0,1440.0,0.0,1440.0,0.0,1440.0,0.0,1440.0,2.0,00:00-24:00,00:00-24:00,00:00-24:00,00:00-24:00,00:00-24:00,00:00-24:00,00:00-24:00
Spring Farm,春天農場,4.8,"['Saturday-Sunday', 'Monday-Friday']","['9:00-21:00', '9:00-18:00']","No.272 Changshou Road, Guishan Town, Taoyuan, Taiwan",0.0,活動,"I didn’t expect the holiday to be so awkward. In fact, I have been to the spring farm several times. It is very suitable for adults and children to play with pets. It is no problem to run and jump. The dinner is also very pushy. I bought bread before entering the park. This time I used afternoon tea from 14:30 to book a full room until I can only eat 16: 00 is really exaggerated ～ Fortunately, there is still a reservation for ✔ You can use five times the coupon, agricultural travel coupon 🔎 What afternoon tea buffet bar 330 yuan / person Children 220 yuan to eat in the area where you can eat it. In fact, there are not many sweet soups to push soy milk and bean curd. Taro Simi Lu Salt Soup Pumpkin Corn Soup Cake Push Light Cheese Cake Bread depends on luck Every time it comes out, it is different. Cranberry cheese bread can be encountered. It is a European bread. It is quite solid and thick. It is chewy. Salted pork rice with ten grains. Nutritious and healthy salad. The potato mud is delicious, the edamame fungus is also good-looking more #ayu eat Taoyuan 📍 Spring Farm Address: No. 272 Changshou Road, Guishan District, Taoyuan City #Afternoon Tea Time #Afternoon Tea #Taoyuan Cafe #Taoyuan Attractions 📍 #Taoyuan Lunch #Dinner Restaurant #Parent-child Attractions #Spring Farm #Cake #Qi Wind #Qifeng Cake #Douhua #Afternoon Tea Snack #Peach Garden #Peach Garden Attractions #European Bread #Bread #Eat Full #Self-service Bar #Peach Garden Food Recommended #Peach Garden Food",https://www.trip.com/travel-guide/attraction/taoyuan/spring-farm-58317298?curr=USD&locale=en-US,https://ak-d.tripcdn.com/images/0ww5x12000946gmt06259_C_180_240_Q70.webp?proc=source%2ftrip,540.0,1080.0,540.0,1080.0,540.0,1080.0,540.0,1080.0,540.0,1080.0,540.0,1260.0,540.0,1260.0,2.5,09:00-18:00,09:00-18:00,09:00-18:00,09:00-18:00,09:00-18:00,09:00-21:00,09:00-21:00
Yingge's Ceramics Street of Old,鶯歌陶瓷老街,4.6,['Open daily'],['10:00-20:00'],"Around Wenhua Road, Jianshanpu Road, Chongqing Street, New Taipei City, Taiwan",0.0,觀光,"it’s very easy to find this place 5 mins walk from yingge train station, if you’re fun of the ceramics products you will enjoy here😁",https://www.trip.com/travel-guide/attraction/new-taipei-city/yingge-s-ceramics-street-of-old-13480455?curr=USD&locale=en-US,https://ak-d.tripcdn.com/images/100p0l000000crt3c1813_C_180_240_Q70.webp?proc=source%2ftrip,600.0,1200.0,600.0,1200.0,600.0,1200.0,600.0,1200.0,600.0,1200.0,600.0,1200.0,600.0,1200.0,2.0,10:00-20:00,10:00-20:00,10:00-20:00,10:00-20:00,10:00-20:00,10:00-20:00,10:00-20:00
Daxi Ancient Town,大溪古鎮,4.6,['Open daily'],['Open all day'],"Daxi Old Street, Dasi Township, Taoyuan, Taiwan",0.0,觀光,There are many snacks and articles sold in this ancient town. There are many old buildings in this ancient town. They are full of nostalgia. Here you can walk across the bridge to the old street and enjoy the buildings on the bridge.,https://www.trip.com/travel-guide/attraction/taoyuan/daxi-ancient-town-24649301?curr=USD&locale=en-US,https://ak-d.tripcdn.com/images/100k0x000000l9tkuF3D2_C_180_240_Q70.webp?proc=source%2ftrip,0.0,1440.0,0.0,1440.0,0.0,1440.0,0.0,1440.0,0.0,1440.0,0.0,1440.0,0.0,1440.0,10.0,00:00-24:00,00:00-24:00,00:00-24:00,00:00-24:00,00:00-24:00,00:00-24:00,00:00-24:00
jing fu gong,景福宮,5.0,['Open daily'],['6:00-19:00'],"No. 1, Lane 76, Heping Street, New Taipei City, Taiwan 235",0.0,活動,"Although the Gyeongbokgung Palace is not beautiful on a rainy day, it also has a special flavor. It is full of passengers who experience Hanfu, and it is worth arranging to walk half a day ago with the magnificent and architectural art of Gyeongbokgung Palace.",https://www.trip.com/travel-guide/attraction/new-taipei-city/city-51628856?curr=USD&locale=en-US,https://ak-d.tripcdn.com/images/10080y000000me5yb5F5A_C_180_240_Q70.webp?proc=source%2ftrip,360.0,1140.0,360.0,1140.0,360.0,1140.0,360.0,1140.0,360.0,1140.0,360.0,1140.0,360.0,1140.0,1.5,06:00-19:00,06:00-19:00,06:00-19:00,06:00-19:00,06:00-19:00,06:00-19:00,06:00-19:00
Jilong Mountain Hiking Trail,雞籠山登山步道,4.2,['Open daily'],['Open all day'],"Near Jiufen Old Street, Xinbei",0.0,活動,"A mountain trail with a particularly good scenery. Although the trail is relatively old, it is quite convenient to walk, and the scenery is very good all the way. There are many temples and other monuments. Going up a little, you can see the beautiful sea view.",https://www.trip.com/travel-guide/attraction/keelung/jilong-mountain-hiking-trail-23034375?curr=USD&locale=en-US,https://ak-d.tripcdn.com/images/0ww3n1200094786z0F068_C_180_240_Q70.webp?proc=source%2ftrip,0.0,1440.0,0.0,1440.0,0.0,1440.0,0.0,1440.0,0.0,1440.0,0.0,1440.0,0.0,1440.0,10.0,00:00-24:00,00:00-24:00,00:00-24:00,00:00-24:00,00:00-24:00,00:00-24:00,00:00-24:00
Jiaosi Hot Spring,礁溪溫泉,4.9,['Open daily'],['Open all day'],"Deyang Village, Jiaosi Town, Jiaoxi China",0.0,活動,Jiaoxi Hot Spring Park has a lot of cute rabbit installation art! Very suitable for parent-child play ～ a good place to walk!,https://www.trip.com/travel-guide/attraction/yilan/jiaosi-hot-spring-133826230?curr=USD&locale=en-US,https://ak-d.tripcdn.com/images/0ww6e120009evolh80378_C_180_240_Q70.webp?proc=source%2ftrip,0.0,1440.0,0.0,1440.0,0.0,1440.0,0.0,1440.0,0.0,1440.0,0.0,1440.0,0.0,1440.0,2.5,00:00-24:00,00:00-24:00,00:00-24:00,00:00-24:00,00:00-24:00,00:00-24:00,00:00-24:00
Chiang Kai-shek Cemetery in Cihu Reservoir,慈湖蔣介石先生陵園,3.5,"['Monday,Wednesday-Sunday']",['09:00-17:00'],Cihu Scenic Area in Songshan District,0.0,觀光,"The original name of the Cehu Mausoleum was ""Dongkou Hotel"", which was completed on June 13, 1959. In 1962, Chiang Kai-shek wrote ""Cihu"" and was renamed ""Cihu Hotel"". It was used as a pavilion before Chiang Kai-shek died.",https://www.trip.com/travel-guide/attraction/taoyuan/chiang-kai-shek-cemetery-in-cihu-reservoir-39266736?curr=USD&locale=en-US,https://ak-d.tripcdn.com/images/0102k12000b7ts1f01D5E_C_180_240_Q70.webp?proc=source%2ftrip,540.0,1020.0,0.0,0.0,540.0,1020.0,540.0,1020.0,540.0,1020.0,540.0,1020.0,540.0,1020.0,1.5,09:00-17:00,0,09:00-17:00,09:00-17:00,09:00-17:00,09:00-17:00,09:00-17:00
Thousand-Island Lake,千島湖,4.6,['Open daily'],['Open all day'],"223, Taiwan, New Taipei City, Shiding District",0.0,活動,,https://www.trip.com/travel-guide/attraction/new-taipei-city/thousand-island-lake-137114310?curr=USD&locale=en-US,https://ak-d.tripcdn.com/images/0105s12000eu7xylr750E_C_180_240_Q70.webp?proc=source%2ftrip,0.0,1440.0,0.0,1440.0,0.0,1440.0,0.0,1440.0,0.0,1440.0,0.0,1440.0,0.0,1440.0,3.0,00:00-24:00,00:00-24:00,00:00-24:00,00:00-24:00,00:00-24:00,00:00-24:00,00:00-24:00
"Trunk Rock, Shenao Headland",象鼻岩,4.6,['Open daily'],['Open all day'],"Shenzhen, New Taipei, Shenzhen, Ruifang District,",0.0,活動,"Located in the deep corner of the deep Australian fishing port in Ruifang, New North, there is an ancient rock giant elephant standing on the sea. Standing on the spot, you will admire the power of nature sculpture. The beautiful coast along the way will make people forget the trouble of the city. Then match the nearby attractions of elephant nose rock to make the northerners light. Matsu day trip.",https://www.trip.com/travel-guide/attraction/new-taipei-city/trunk-rock-shenao-headland-39885438?curr=USD&locale=en-US,https://ak-d.tripcdn.com/images/0104e120009g3qh119CA5_C_180_240_Q70.webp?proc=source%2ftrip,0.0,1440.0,0.0,1440.0,0.0,1440.0,0.0,1440.0,0.0,1440.0,0.0,1440.0,0.0,1440.0,2.0,00:00-24:00,00:00-24:00,00:00-24:00,00:00-24:00,00:00-24:00,00:00-24:00,00:00-24:00
Cihu,慈湖,4.6,"['Monday,Wednesday-Sunday']",['09:00-17:00'],"No. 1097, Section 1, Fuxing Road, Daxi District, Taoyuan City",0.0,活動,"Sun Moon Lake is not big, half a day is enough, and then go to Cihu Scenic Area. Including Jiang Gongling Bedding and Sculpture Park. The environment is beautiful, the lake is beautiful and the mountains are located in Daxi Town in Taoyuan. It is an artificial reservoir divided into two lakes. In order to commemorate the mother, Mrs. Wang Tai, the name was changed to Cihu. The punctual changing ceremony here is very nice, about twenty minutes.",https://www.trip.com/travel-guide/attraction/taoyuan/cihu-24649144?curr=USD&locale=en-US,https://ak-d.tripcdn.com/images/10011f000001h358h209D_C_180_240_Q70.webp?proc=source%2ftrip,540.0,1020.0,0.0,0.0,540.0,1020.0,540.0,1020.0,540.0,1020.0,540.0,1020.0,540.0,1020.0,2.5,09:00-17:00,0,09:00-17:00,09:00-17:00,09:00-17:00,09:00-17:00,09:00-17:00
Daxi Old Street,大溪老街,4.6,['Open daily'],['Open all day'],"Heping Rd, Daxi District, Taoyuan City, Taiwan 335",0.0,觀光,"Everyone comes to Daxi Old Street always to eat, it is easy to ignore the very beautiful buildings and natural landscape here, it is full of many historical and cultural characteristics, there is a tunnel full of murals in the old street, and a very spectacular suspension bridge.",https://www.trip.com/travel-guide/attraction/taoyuan/daxi-old-street-10521897?curr=USD&locale=en-US,https://ak-d.tripcdn.com/images/100ehk1152o1rplhcF780_C_180_240_Q70.webp?proc=source%2ftrip,0.0,1440.0,0.0,1440.0,0.0,1440.0,0.0,1440.0,0.0,1440.0,0.0,1440.0,0.0,1440.0,1.5,00:00-24:00,00:00-24:00,00:00-24:00,00:00-24:00,00:00-24:00,00:00-24:00,00:00-24:00
Zhengbin Port Color Houses,正濱漁港-彩色街屋,4.9,['Open daily'],['Open all day'],"202, Taiwan, Keelung City, Zhongzheng District, Zhongzheng Rd, No. 545 Miangang",0.0,活動,"A port area on the outskirts of Keelung, which is mainly ocean-going fisheries, was later redeveloped by the local government. In addition to coloring the facade of the building facing the port, a variety of restaurants and cultural and creative brands were introduced, forming a special harbor tour atmosphere. Instead, the old fishing port gave new vitality.",https://www.trip.com/travel-guide/attraction/keelung/zhengbin-port-color-houses-79423805?curr=USD&locale=en-US,https://ak-d.tripcdn.com/images/100thk124hllo1sya0F44_C_180_240_Q70.webp?proc=source%2ftrip,0.0,1440.0,0.0,1440.0,0.0,1440.0,0.0,1440.0,0.0,1440.0,0.0,1440.0,0.0,1440.0,1.0,00:00-24:00,00:00-24:00,00:00-24:00,00:00-24:00,00:00-24:00,00:00-24:00,00:00-24:00
Shenkeng Old Street,深坑老街,4.7,['Open daily'],['09:00-21:00'],"Shenkeng Street, Shenkeng District, New Taipei City, Taiwan",0.0,活動,"On weekdays, there are quite a lot of people coming to Shenkeng Old Street. I also ate delicious tofu duck blood, and cheap skewers. By the way, bring a tofu milk.",https://www.trip.com/travel-guide/attraction/new-taipei-city/shenkeng-old-street-10539707?curr=USD&locale=en-US,https://ak-d.tripcdn.com/images/0102j120009ed87n4DDDD_C_180_240_Q70.webp?proc=source%2ftrip,540.0,1260.0,540.0,1260.0,540.0,1260.0,540.0,1260.0,540.0,1260.0,540.0,1260.0,540.0,1260.0,1.5,09:00-21:00,09:00-21:00,09:00-21:00,09:00-21:00,09:00-21:00,09:00-21:00,09:00-21:00
"Pingsi Line, Pingxi District",226台灣新北市平溪區平溪線,4.9,,,"Pingxi District, New Taipei City, Taiwan 226",0.0,餐飲,(Business hours are inaccurate) Pingxi Line is a very famous train line. This line involves many beautiful attractions. Most of them are based on the town. It is somewhat Japanese style. You can experience the very comfortable and hospitable side of Taiwan.,https://www.trip.com/travel-guide/attraction/new-taipei-city/pingsi-line-pingxi-district-56808798?curr=USD&locale=en-US,https://ak-d.tripcdn.com/images/100f1800000152o1h79E0_C_180_240_Q70.webp?proc=source%2ftrip,558.6950728453937,1274.7733629806564,558.6934306386496,1274.7717347900002,558.6890527317762,1274.7683306143683,558.6914324076824,1274.7700721872868,558.706360431887,1274.7833061997592,551.9318593295159,1270.0039868768745,551.9318618139989,1267.6934179787993,2.5,09:00-21:00,09:00-21:00,09:00-21:00,09:00-21:00,09:00-21:00,09:00-21:00,09:00-21:00
Pingxi Old Street,平溪老街,4.4,['Open daily'],['Open all day'],"Pingxi St, Pingxi District, New Taipei City, Taiwan 226",0.0,活動,"Pingxi Old Street is not long in length, the old street style, full of leisure, the most crowded places are gathered at this crossroads, because these two grilled sausages have been on different travel programs, there are many flavors to choose from, Pingxi Mountain Spring Douhua is also a popular store",https://www.trip.com/travel-guide/attraction/new-taipei-city/pingxi-old-street-90162?curr=USD&locale=en-US,https://ak-d.tripcdn.com/images/10021f000001gxcabC896_C_180_240_Q70.webp?proc=source%2ftrip,0.0,1440.0,0.0,1440.0,0.0,1440.0,0.0,1440.0,0.0,1440.0,0.0,1440.0,0.0,1440.0,1.5,00:00-24:00,00:00-24:00,00:00-24:00,00:00-24:00,00:00-24:00,00:00-24:00,00:00-24:00
Barbie Museum,芭比娃娃博物館,4.9,['Tuesday-Sunday'],['09:00-17:00'],"4F, No. 26, Lane 26, Fengjiang Road, Taishan District, New Taipei City",0.0,觀光,Very good experience Very good experience,https://www.trip.com/travel-guide/attraction/new-taipei-city/barbie-museum-24648631?curr=USD&locale=en-US,https://ak-d.tripcdn.com/images/100b1700000119cag7EB4_C_180_240_Q70.webp?proc=source%2ftrip,0.0,0.0,540.0,1020.0,540.0,1020.0,540.0,1020.0,540.0,1020.0,540.0,1020.0,540.0,1020.0,2.5,0,09:00-17:00,09:00-17:00,09:00-17:00,09:00-17:00,09:00-17:00,09:00-17:00
Badouzi Seaside Park,八斗子海濱公園,4.6,['Open daily'],['Open all day'],"Beining Road, Zhongzheng District, Keelung City",0.0,觀光,Nice place along the coast area of Taiwan but journey to Badouzi is quite far. It's a nice place to visit at least once.,https://www.trip.com/travel-guide/attraction/keelung/badouzi-seaside-park-87614?curr=USD&locale=en-US,https://ak-d.tripcdn.com/images/100a170000011zb1763C5_C_180_240_Q70.webp?proc=source%2ftrip,0.0,1440.0,0.0,1440.0,0.0,1440.0,0.0,1440.0,0.0,1440.0,0.0,1440.0,0.0,1440.0,1.0,00:00-24:00,00:00-24:00,00:00-24:00,00:00-24:00,00:00-24:00,00:00-24:00,00:00-24:00
Jinshan Old Street,金山老街,4.7,['Open daily'],['Open all day'],"20843 Jinbaoli Street, Jinshan District, New Taipei City",0.0,觀光,"There is a Malaysian local cuisine in the street, and I return to Sarawak in a second. In Ai Xuansha, there is rice noodles, unlike what you think, Hainan chicken rice, roast chicken vendor. The most classic is the golden fish egg.",https://www.trip.com/travel-guide/attraction/new-taipei-city/jinshan-old-street-13460666?curr=USD&locale=en-US,https://ak-d.tripcdn.com/images/100c0i0000009e9289447_C_180_240_Q70.webp?proc=source%2ftrip,0.0,1440.0,0.0,1440.0,0.0,1440.0,0.0,1440.0,0.0,1440.0,0.0,1440.0,0.0,1440.0,1.5,00:00-24:00,00:00-24:00,00:00-24:00,00:00-24:00,00:00-24:00,00:00-24:00,00:00-24:00
Keelung Maritime Plaza,基隆海洋廣場,4.6,['Open daily'],['00:00-23:59'],"Zhongyi Road, Ren'ai District, Keelung City",0.0,活動,"It was sunny, so it was really comfortable. It is very close to the bus stop that moves from Taipei to Keelung and from Keelung to Jiufen. (There is a bus stop on the main street in front of the square) Mototaka's night market (I do it from daytime), selling things different from other towns, and it is a must to eat while walking.",https://www.trip.com/travel-guide/attraction/keelung/keelung-maritime-plaza-10765226?curr=USD&locale=en-US,https://ak-d.tripcdn.com/images/1me0o2234aql6u4r45B01_C_180_240_Q70.webp?proc=source%2ftrip,0.0,1439.0,0.0,1439.0,0.0,1439.0,0.0,1439.0,0.0,1439.0,0.0,1439.0,0.0,1439.0,1.5,00:00-23:30,00:00-23:30,00:00-23:30,00:00-23:30,00:00-23:30,00:00-23:30,00:00-23:30
Shifen Waterfall Park,十分瀑布公園,5.0,['Open daily'],['9:00-17:00'],新北市平溪區乾坑10號,0.0,活動,"Shin Falls - Located in Pingxi District, Taiwan, a famous attraction of Pingxi Line, the branch line of Taiwan Railway, known locally as Liufenyu. Located in the waterfall group upstream of the Keelung River. The waterfall is about 20 meters high and 40 meters wide. The magnificent waterfall and majestic momentum are the largest curtain-type waterfall in Taiwan. The ""glass cave waterfall"" under the waterfall suspension bridge in the upper reaches of the waterfall is named for the hole like glasses. The Japanese rule period was called the Badger, named after then-Governor Kenjiro Tian. part 2",https://www.trip.com/travel-guide/attraction/new-taipei-city/shifen-waterfall-park-141024147?curr=USD&locale=en-US,https://ak-d.tripcdn.com/images/1me1912000dpd5qka7B3A_C_180_240_Q70.webp?proc=source%2ftrip,540.0,1020.0,540.0,1020.0,540.0,1020.0,540.0,1020.0,540.0,1020.0,540.0,1020.0,540.0,1020.0,2.5,09:00-17:00,09:00-17:00,09:00-17:00,09:00-17:00,09:00-17:00,09:00-17:00,09:00-17:00
i OCEAN,潮境智能海洋館,4.7,"['Tuesday-Friday', 'Saturday-Sunday']","['9:00-17:00', '9:00-18:00']","No. 61號, Lane 369, Beining Rd, Zhongzheng District, Keelung City, Taiwan 202010",206.4,活動,"Full ticket 300 yuan, group ticket or student ticket 250 yuan, 150 yuan for elderly people over 65 years old, free of charge under 6 years old. Interactive experience facilities area needs to buy additional tickets, the fare is 150 yuan. Using unique resources, integrating into the mountains and seas, combining emerging display technology, creating an immersive experience and VR undersea tunnel adventure experience in the tide bay, showing 320 marine life, and integrating the real-world aquarium and marine life for the first virtual and real-world integration of marine life and scientific and technological development in the North and North base Restored base of things",https://www.trip.com/travel-guide/attraction/keelung/i-ocean-136940095?curr=USD&locale=en-US,https://ak-d.tripcdn.com/images/0103212000bx175j9C72A_C_180_240_Q70.webp?proc=source%2ftrip,0.0,0.0,540.0,1020.0,540.0,1020.0,540.0,1020.0,540.0,1020.0,540.0,1080.0,540.0,1080.0,2.5,0,09:00-17:00,09:00-17:00,09:00-17:00,09:00-17:00,09:00-18:00,09:00-18:00
Taiwan Coal Mine Museum,新平溪煤礦博物館,4.0,['Tuesday-Sunday'],['09:30-17:00 (Tickets available until:16:00)'],"No.5 Dingliaozi, Xinliaoli(Shifenliao),Pingxi District, New Taipei 226, Taiwan",181.8,觀光,"The place is a bit far away, there are very few people, the items in the exhibition hall are really many, very old, all kinds of living items, war weapons, and generations of pioneers who have gone on and on, stand in front of the glass window and reflect for a moment as if you can see what happened in that era. It has been a long time and After the difficult years, we have lived our current life and cherished our present life.",https://www.trip.com/travel-guide/attraction/new-taipei-city/taiwan-coal-mine-museum-18119225?curr=USD&locale=en-US,https://ak-d.tripcdn.com/images/0ww67120009479jjc9D11_C_180_240_Q70.webp?proc=source%2ftrip,0.0,0.0,570.0,1020.0,570.0,1020.0,570.0,1020.0,570.0,1020.0,570.0,1020.0,570.0,1020.0,1.5,0,09:30-17:00,09:30-17:00,09:30-17:00,09:30-17:00,09:30-17:00,09:30-17:00
Wuji Tianyuan Temple,淡水無極天元宮,4.7,['Open daily'],['8:00-20:00'],"No. 36, Section 3, Beixin Rd, Tamsui District, New Taipei City, Taiwan 251",0.0,活動,"Freshwater Tianyuan Palace Sakura Date Houshan Sanse Sakura from the end of January to mid-February, Yoshino Sakura around the Temple of Heaven is about March to April. Friends who have not had time to enjoy the night Sakura this year, remember the time next year. Opening hours: 2023/1/19-1/29 16:30-20:30( New Year's Eve is not open) Tickets: Free Location: No. 36, Section 3, Beixin Road, Shuiyuanli, Danshui District, Xinbei City",https://www.trip.com/travel-guide/attraction/new-taipei-city/wuji-tianyuan-temple-22865300?curr=USD&locale=en-US,https://ak-d.tripcdn.com/images/100i0u000000j1xg3BA0D_C_180_240_Q70.webp?proc=source%2ftrip,480.0,1200.0,480.0,1200.0,480.0,1200.0,480.0,1200.0,480.0,1200.0,480.0,1200.0,480.0,1200.0,2.5,08:00-20:00,08:00-20:00,08:00-20:00,08:00-20:00,08:00-20:00,08:00-20:00,08:00-20:00
Coca-Cola Museum,可口可樂世界,4.3,['Monday-Friday'],['14:00-16:30;9:30-12:00'],"No. 46 Xingbang Road, Taoyuan City, Taoyuan County, Taiwan",0.0,活動,"The Coca-Cola factory is a bit lucky from Taoyuan Station, it is not recommended to walk there. Take the 707 road at the passenger station to reach the door. The museum is located in the Coca-Cola factory, but unfortunately it is 7 days in advance to make an appointment and cannot enter.",https://www.trip.com/travel-guide/attraction/taoyuan/coca-cola-museum-22865318?curr=USD&locale=en-US,https://ak-d.tripcdn.com/images/0105b12000egtj3li417E_C_180_240_Q70.webp?proc=source%2ftrip,840.0,2160.0,840.0,2160.0,840.0,2160.0,840.0,2160.0,840.0,2160.0,0.0,0.0,0.0,0.0,2.5,14:00-36:00,14:00-36:00,14:00-36:00,14:00-36:00,14:00-36:00,0,0
Lover's Bridge,情人橋,4.5,['Open daily'],['Open all day'],"No. 199 Gu, Guanhai Rd, Tamsui District, New Taipei City, Taiwan 251",0.0,活動,"Lover Bridge, located at the Cross-Port Bridge at Freshwater Fisherman's Wharf. It is about 196 meters long, about 5 meters wide and 12 meters high. It takes about 3 minutes to walk through. The MRT Freshwater Station can be reached by bus No. 26. It looks better at night than during the day. The bridge lights are on and the bridge is beautifully decorated.",https://www.trip.com/travel-guide/attraction/new-taipei-city/lover-s-bridge-10523900?curr=USD&locale=en-US,https://ak-d.tripcdn.com/images/100k0u000000jlc174F2F_C_180_240_Q70.webp?proc=source%2ftrip,0.0,1440.0,0.0,1440.0,0.0,1440.0,0.0,1440.0,0.0,1440.0,0.0,1440.0,0.0,1440.0,2.0,00:00-24:00,00:00-24:00,00:00-24:00,00:00-24:00,00:00-24:00,00:00-24:00,00:00-24:00
Cihu Mausoleum,先總統 蔣公陵寢,4.5,"['Monday,Wednesday-Sunday']",['9:00-17:00'],"No. 1097, Section 1, Fuxing Rd, Daxi District, Taoyuan City, Taiwan 335",0.0,活動,"Cihu Mausoleum is not far from the famous scenic spot of Taoyuan County. Therefore, the government of Taoyuan County has opened a ""Bronze Statue Park"" beside the cemetery to resettle the bronze statues of Jiang Gong removed from all parts of Taiwan due to the removal of Jianghua, thus forming a special theme park of installation art.",https://www.trip.com/travel-guide/attraction/taoyuan/cihu-mausoleum-10521681?curr=USD&locale=en-US,https://ak-d.tripcdn.com/images/100d1f000001goqhnF864_C_180_240_Q70.webp?proc=source%2ftrip,540.0,1020.0,0.0,0.0,540.0,1020.0,540.0,1020.0,540.0,1020.0,540.0,1020.0,540.0,1020.0,1.5,09:00-17:00,0,09:00-17:00,09:00-17:00,09:00-17:00,09:00-17:00,09:00-17:00
Tamsui Jinse Shui'an Biking Trails,金色水岸自行車道,4.7,['Open daily'],['Open all day'],"Danshui Dist, New Taipei, Taiwan",0.0,活動,"Walking on the riverbank in the evening - Today is the golden water bank of the Vale, and when the sun is west, the distant sky is full of colorful clouds, beautiful.",https://www.trip.com/travel-guide/attraction/new-taipei-city/tamsui-jinse-shui-an-biking-trails-22865298?curr=USD&locale=en-US,https://ak-d.tripcdn.com/images/100r0x000000ky52v633B_C_180_240_Q70.webp?proc=source%2ftrip,0.0,1440.0,0.0,1440.0,0.0,1440.0,0.0,1440.0,0.0,1440.0,0.0,1440.0,0.0,1440.0,2.0,00:00-24:00,00:00-24:00,00:00-24:00,00:00-24:00,00:00-24:00,00:00-24:00,00:00-24:00
Jinguashih,金瓜石,4.3,"['Monday-Friday', 'Saturday-Sunday']","['09:30-17:00', '09:30-18:00']","Jinguashih, Ruifang District, New Taipei City, Taiwan 224",0.0,觀光,"Jinguashi is located in Ruifang Town, formerly a sparsely populated wilderness, to the Qing Dynasty Guangxu era began to settle, and later found gold veins, so a large number of people came to join the gold mining, gradually formed a local life circle, and then had the ""East Asia's first gold capital"". With the mining industry lonely, the original appearance of the mining area has been preserved.",https://www.trip.com/travel-guide/attraction/new-taipei-city/jinguashih-10539713?curr=USD&locale=en-US,https://ak-d.tripcdn.com/images/10070l000000d9c7vF4DC_C_180_240_Q70.webp?proc=source%2ftrip,570.0,1020.0,570.0,1020.0,570.0,1020.0,570.0,1020.0,570.0,1020.0,570.0,1080.0,570.0,1080.0,10.0,09:30-17:00,09:30-17:00,09:30-17:00,09:30-17:00,09:30-17:00,09:30-18:00,09:30-18:00
Dream Valley,尋夢穀,4.0,['Open daily'],['Open all day'],"Lukou Xiangkou Village, Taoyuan County",0.0,觀光,"Dream Valley is very big, there are green everywhere, there are mountains and waters, there are swallows, there are some game projects that can be experienced, similar to the way we will form a group to build a base to play, I feel pretty good",https://www.trip.com/travel-guide/attraction/taoyuan/dream-valley-92964?curr=USD&locale=en-US,https://ak-d.tripcdn.com/images/100e0h0000008sw27196F_C_180_240_Q70.webp?proc=source%2ftrip,0.0,1440.0,0.0,1440.0,0.0,1440.0,0.0,1440.0,0.0,1440.0,0.0,1440.0,0.0,1440.0,10.0,00:00-24:00,00:00-24:00,00:00-24:00,00:00-24:00,00:00-24:00,00:00-24:00,00:00-24:00
Zhongshan Hot Springs Park,中山溫泉公園,4.6,['Open daily'],['8:00-20:00'],"No. 3 , Wenquan Rd, Jinshan District, New Taipei City, Taiwan 208",0.0,活動,"There are hot spring hotels in Zhongshan Hot Spring Park that can soak in hot springs. Of course, there are free foot hot springs. This is a very historic park, and you can see that the surrounding residents often go to this park to soak in hot springs.",https://www.trip.com/travel-guide/attraction/new-taipei-city/zhongshan-hot-springs-park-23034256?curr=USD&locale=en-US,https://ak-d.tripcdn.com/images/100d0i0000009ddbe284C_C_180_240_Q70.webp?proc=source%2ftrip,480.0,1200.0,480.0,1200.0,480.0,1200.0,480.0,1200.0,480.0,1200.0,480.0,1200.0,480.0,1200.0,2.5,08:00-20:00,08:00-20:00,08:00-20:00,08:00-20:00,08:00-20:00,08:00-20:00,08:00-20:00
Teresa Teng Memorial Park,筠園(鄧麗君紀念公園),4.5,['Open daily'],['Open all day'],"No.18 Xishi Lake, Xihu Village, Jinshan Country, Xinbei, Taiwan",0.0,活動,"In the garden of Taiwan, a generation of great singers sleep here. The great Deng Lijun accompanied me through the growing years, and left an indelible memory. The beautiful song still lingers in my heart.",https://www.trip.com/travel-guide/attraction/new-taipei-city/teresa-teng-memorial-park-90153?curr=USD&locale=en-US,https://ak-d.tripcdn.com/images/100d0z000000n0gye85E1_C_180_240_Q70.webp?proc=source%2ftrip,0.0,1440.0,0.0,1440.0,0.0,1440.0,0.0,1440.0,0.0,1440.0,0.0,1440.0,0.0,1440.0,2.0,00:00-24:00,00:00-24:00,00:00-24:00,00:00-24:00,00:00-24:00,00:00-24:00,00:00-24:00
Taoyuan City Confucius Temple,桃園市孔廟,4.3,['Open daily'],['8:00-17:00'],"No. 42, Gongyuan Road, Taoyuan City, Taoyuan County, Taiwan",0.0,觀光,"Taoyuan Confucius Temple is not as big as Taipei, but it is still very well preserved and has a long history, but it is a little different from other Taoist temples. There are not so many people here. According to the staff in the temple, there will be more people here before the exam period.",https://www.trip.com/travel-guide/attraction/taoyuan/taoyuan-city-confucius-temple-18046252?curr=USD&locale=en-US,https://ak-d.tripcdn.com/images/0102m12000a2p8epxB9FD_C_180_240_Q70.webp?proc=source%2ftrip,480.0,1020.0,480.0,1020.0,480.0,1020.0,480.0,1020.0,480.0,1020.0,480.0,1020.0,480.0,1020.0,1.5,08:00-17:00,08:00-17:00,08:00-17:00,08:00-17:00,08:00-17:00,08:00-17:00,08:00-17:00
Xiyang Guanjing Area,淡水夕陽観景區,5.0,['Open daily'],['Open all day'],"Zhongzheng Rd, Tamsui District, New Taipei City, Taiwan 251",0.0,活動,"It's warm and cheerful in winter on the calm waterside, and you can spend a relaxing time like a big park. Some families were playing badminton and ball games! It's a place of relaxation.",https://www.trip.com/travel-guide/attraction/new-taipei-city/xiyang-guanjing-area-58336952?curr=USD&locale=en-US,https://ak-d.tripcdn.com/images/0ww0x12000948av9zF2EF_C_180_240_Q70.webp?proc=source%2ftrip,0.0,1440.0,0.0,1440.0,0.0,1440.0,0.0,1440.0,0.0,1440.0,0.0,1440.0,0.0,1440.0,3.0,00:00-24:00,00:00-24:00,00:00-24:00,00:00-24:00,00:00-24:00,00:00-24:00,00:00-24:00
New Jinshan Beach,新金山海水浴場,4.5,,,"No. 1, Qingnian Rd., Jinshan Dist., New Taipei, Taiwan",0.0,觀光,"(Business hours are inaccurate) When we arrived at the Xinjinshan Beach, it was late, and we could see that there were actually many people on the beach. This is a big bathing beach, and the scenery of the sunset Xishan is also very good.",https://www.trip.com/travel-guide/attraction/new-taipei-city/new-jinshan-beach-23034113?curr=USD&locale=en-US,https://ak-d.tripcdn.com/images/100a0i0000009de258C86_C_180_240_Q70.webp?proc=source%2ftrip,558.6887450548143,1274.7794289596354,558.6872736346505,1274.7786111299522,558.6835843777031,1274.7764291277958,558.685569532509,1274.777615879671,558.6985346484578,1274.7850532459563,551.9318055579929,1269.8910268138004,551.9318046336846,1267.6436686772645,2.5,09:00-21:00,09:00-21:00,09:00-21:00,09:00-21:00,09:00-21:00,09:00-21:00,09:00-21:00
Sanxia History Museum,三峽歷史文物館,4.0,['Tuesday-Sunday'],['9:00-17:00'],"Sanxia History Museum, Zhongshan Rd, Sanxia District, New Taipei City, Taiwan 237",0.0,觀光,Ok,https://www.trip.com/travel-guide/attraction/new-taipei-city/sanxia-history-museum-23034217?curr=USD&locale=en-US,https://ak-d.tripcdn.com/images/0ww2l12000947mm9jA41B_C_180_240_Q70.webp?proc=source%2ftrip,0.0,0.0,540.0,1020.0,540.0,1020.0,540.0,1020.0,540.0,1020.0,540.0,1020.0,540.0,1020.0,2.5,0,09:00-17:00,09:00-17:00,09:00-17:00,09:00-17:00,09:00-17:00,09:00-17:00
Jump Stone Coast,跳石海岸,4.4,['Open daily'],['Open all day'],"208 North Coast Highway, Jinshan District, New Taipei City, Taiwan",0.0,活動,"Blowing the sea breeze to see the sea view can come here, there are not many people, the scenery is particularly beautiful. The sound of the waves is very loud",https://www.trip.com/travel-guide/attraction/new-taipei-city/jump-stone-coast-13466938?curr=USD&locale=en-US,https://ak-d.tripcdn.com/images/01A1j12000a3ndl0i5243_C_180_240_Q70.webp?proc=source%2ftrip,0.0,1440.0,0.0,1440.0,0.0,1440.0,0.0,1440.0,0.0,1440.0,0.0,1440.0,0.0,1440.0,1.5,00:00-24:00,00:00-24:00,00:00-24:00,00:00-24:00,00:00-24:00,00:00-24:00,00:00-24:00
Taoyuan 77 Art Zone,桃園77藝文町（桃園警察局日式宿舍群）,4.7,['Tuesday-Sunday'],['10:00-22:00'],"No. 20, Lane 77, Zhongzheng Road, Taoyuan District, Taoyuan City",0.0,觀光,"A attraction near Taoyuan Railway Station, formerly a Japanese-style police dormitory under Japanese management, has been repaired and free tours are provided. There are some cafes and restaurants in it. There are two city gatherings in the week at this stall, and you can find time and details online.",https://www.trip.com/travel-guide/attraction/taoyuan/taoyuan-77-art-zone-71572392?curr=USD&locale=en-US,https://ak-d.tripcdn.com/images/100ehk133wju1nu1s13C0_C_180_240_Q70.webp?proc=source%2ftrip,0.0,0.0,600.0,1320.0,600.0,1320.0,600.0,1320.0,600.0,1320.0,600.0,1320.0,600.0,1320.0,2.5,0,10:00-22:00,10:00-22:00,10:00-22:00,10:00-22:00,10:00-22:00,10:00-22:00
Tamshui Yuandao Guanyin Temple,緣道觀音廟,5.0,['Tuesday-Sunday'],['9:30-17:00'],"No. 3, Anzi Nei, Tamsui, New Taipei City, Taiwan",0.0,活動,"Located in the Guanyin Temple, Yuandao Guanyin Temple, Xinbei City, the ""Thousands of Hands and Thousands of Eyes Guanyin Bodhisattva Sitting Buddha"" was awarded the Golden World Record ""Largest Steel Sculpture"" certification by height 33.3 meters and width 35.9 meters. From a distance, this magnificent silver-colored Buddha stands on the stretching mountain. In the middle of the game, it is more magnificent, of which a thousand hands shape a total of 36 arms on the left and right sides of the ""right Faming Buddha Hand"", of which each arm has a hand holding ""can not think about the use of magic treasure"", ""thousand technique wheel"", these magic treasures are placed: the diamond treasure of the big gathering of wealth, the precious people gathered such as the arrow, etc. Symbolizes the characteristics of the Buddha of the world with thousands of hands and thousands of eyes; In addition, the base of the Buddha is not only a lotus seat, but also a large hall, lecture hall and Buddhist cultural relics art museum, etc. can be seen at close visits, so that the visiting people can not only take pictures, but also understand the story of religion in depth. This Buddha hall is 15 meters high, The design of 25 meters in diameter, the spacious and large span of the beamless columns, set a precedent for Taiwan's Buddha Hall.",https://www.trip.com/travel-guide/attraction/new-taipei-city/tamshui-yuandao-guanyin-temple-51634206?curr=USD&locale=en-US,https://ak-d.tripcdn.com/images/0103m12000a5f4j8f4E8F_C_180_240_Q70.webp?proc=source%2ftrip,0.0,0.0,570.0,1020.0,570.0,1020.0,570.0,1020.0,570.0,1020.0,570.0,1020.0,570.0,1020.0,1.5,0,09:30-17:00,09:30-17:00,09:30-17:00,09:30-17:00,09:30-17:00,09:30-17:00
Tamsui Historical Museum,淡水古蹟博物館,5.0,"['Monday-Friday', 'Saturday-Sunday']","['09:30-17:00', '09:30-18:00 (Latest entry time:17:30)']","No. 32-2, Lane 6, Section 1, Zhongzheng Road, Tamsui District, New Taipei City",70.5,活動,"Ticket prices are reasonable, you can visit several attractions, it is worth seeing, very good tour experience.",https://www.trip.com/travel-guide/attraction/new-taipei-city/tamsui-historical-museum-140906132?curr=USD&locale=en-US,https://ak-d.tripcdn.com/images/0104312000exrs4tkBFCC_C_180_240_Q70.webp?proc=source%2ftrip,570.0,1020.0,570.0,1020.0,570.0,1020.0,570.0,1020.0,570.0,1020.0,570.0,1080.0,570.0,1080.0,2.5,09:30-17:00,09:30-17:00,09:30-17:00,09:30-17:00,09:30-17:00,09:30-18:00,09:30-18:00
Chengtian Shrine,承天禪寺,4.6,['Open daily'],['8:00-15:30'],"No. 96 Chengtian Road, Tucheng District, New Taipei City",0.0,觀光,Chengtian Temple is famous for its old monks in Guangqin. There are many mountain trails nearby that can be experienced. The highest point is that the sky mountain can overlook Chengtian Temple. The unobstructed beauty makes you involuntarily pick up your mobile phone for a while. The operation is a lot of photos. Have the opportunity to experience the mountains of Tucheng surrounded by beauty.,https://www.trip.com/travel-guide/attraction/new-taipei-city/chengtian-shrine-24048386?curr=USD&locale=en-US,https://ak-d.tripcdn.com/images/fd/tg/g3/M0A/43/01/CggYGVZ3rRmABNgjAAE8GlwR23o608_C_180_240_Q70.webp?proc=source%2ftrip,480.0,930.0,480.0,930.0,480.0,930.0,480.0,930.0,480.0,930.0,480.0,930.0,480.0,930.0,2.5,08:00-15:30,08:00-15:30,08:00-15:30,08:00-15:30,08:00-15:30,08:00-15:30,08:00-15:30
Bitan,碧潭,4.7,['Open daily'],['Open all day'],"231, Taiwan, New Taipei City, Xindian District",0.0,活動,"Hemei Mountain - also known as Bitan Mountain, Daben Mountain, located near Xindian Bitan, although the altitude is only 153 meters, the outlook is excellent, overlooking the water of Bitan, and even the Taipei Basin can be seen when it is clear. In addition to the scenery, the ecology of the beautiful mountains is also rich and surprising. In addition to the rich variety of native plants, birds, butterflies, frogs and insects, every April is full of wild bonfires, charming.",https://www.trip.com/travel-guide/attraction/new-taipei-city/bitan-10532515?curr=USD&locale=en-US,https://ak-d.tripcdn.com/images/100a0l000000ctyu92C0A_C_180_240_Q70.webp?proc=source%2ftrip,0.0,1440.0,0.0,1440.0,0.0,1440.0,0.0,1440.0,0.0,1440.0,0.0,1440.0,0.0,1440.0,10.0,00:00-24:00,00:00-24:00,00:00-24:00,00:00-24:00,00:00-24:00,00:00-24:00,00:00-24:00
Dharma drum mountain,法鼓山,4.5,['Open daily'],['09:00-16:00'],"No. 555, Fagu Rd., 7th Neighborhood, Sanjie Village, Jinshan District, Jinshan, New Taipei 20842 Taiwan",0.0,觀光,"There is no religious belief, but the coincidence relationship is also very inspired to play here. There is a lot of knowledge about Buddhism here to understand. It can also be said that it is a similar temple and it can be said that it is a place of preaching. Everything can be",https://www.trip.com/travel-guide/attraction/new-taipei-city/dharma-drum-mountain-90335?curr=USD&locale=en-US,https://ak-d.tripcdn.com/images/100f0g0000007nezj8B62_C_180_240_Q70.webp?proc=source%2ftrip,540.0,960.0,540.0,960.0,540.0,960.0,540.0,960.0,540.0,960.0,540.0,960.0,540.0,960.0,2.5,09:00-16:00,09:00-16:00,09:00-16:00,09:00-16:00,09:00-16:00,09:00-16:00,09:00-16:00
The Lin Family Mansion and Garden,林本源園邸,4.6,['Open daily'],['09:00-17:00'],"No.9, Ximen St, Banqiao, New Taipei 22056 Taiwan",0.0,活動,"The Linbenyuan Garden - Banqiao Linbenyuan Family built the house. Built in Xianfeng, Daqing, in 1853, is the only complete garden building in Taiwan, the government designated the national second-class monument. The total area is 6,054 ping, divided into two parts: ""Garden"" and ""Garden"" refers to the garden part outside the house, tourists can visit by themselves, Fang Jianzhai, Laiqing Pavilion, Yuebo Shuiyu, Dingjingtang, etc. ""Yuan"" refers to the residence of the Lin Benyuan family, Sanluo Daxuan, which is still a private industry, and you can only enter if you want to participate in the tour. part 2",https://www.trip.com/travel-guide/attraction/new-taipei-city/the-lin-family-mansion-and-garden-10539734?curr=USD&locale=en-US,https://ak-d.tripcdn.com/images/100h0v000000jqxjs73F3_C_180_240_Q70.webp?proc=source%2ftrip,540.0,1020.0,540.0,1020.0,540.0,1020.0,540.0,1020.0,540.0,1020.0,540.0,1020.0,540.0,1020.0,2.0,09:00-17:00,09:00-17:00,09:00-17:00,09:00-17:00,09:00-17:00,09:00-17:00,09:00-17:00
xi zhi gong bei dian,汐止拱北殿,5.0,['Open daily'],['07:00-17:00'],221台湾新北市汐止區汐萬路三段88號,0.0,活動,"Gongbei Temple - is a century-old temple in Xinbei City. The earliest temple was built in 1906. It adopts the form of bird residence of the shrine to enter the mountain. After the red cross bridge and the Japanese stone lantern meet, you can come to the recently red double arch bridge. The double arch bridge is beautifully shaped and simple and elegant. It is the shooting place for many people to take wedding photos, and then the maple red on the mountain with the cold current, you don't have to fly to Japan, you can feel the ultimate expression of autumn poetry and painting. part 4",https://www.trip.com/travel-guide/attraction/new-taipei-city/city-143689591?curr=USD&locale=en-US,https://ak-d.tripcdn.com/images/1me5k224x8tzwy65hD2F7_C_180_240_Q70.webp?proc=source%2ftrip,420.0,1020.0,420.0,1020.0,420.0,1020.0,420.0,1020.0,420.0,1020.0,420.0,1020.0,420.0,1020.0,2.5,07:00-17:00,07:00-17:00,07:00-17:00,07:00-17:00,07:00-17:00,07:00-17:00,07:00-17:00
Lehua Night Market,樂華夜市,4.7,['Open daily'],['16:00-12:00'],"Yongping Rd, Yonghe District, New Taipei City, Taiwan 234",0.0,活動,"Super popular Shufei Health Meal near Lehua Night Market, the main low-card oil-free 100 yuan lunch box, 10 kinds of side dishes super , super popular peeled chili chicken legs 140 yuan, salted mayonnaise chicken breast 125 yuan, delicious and healthy and ecstatic.",https://www.trip.com/travel-guide/attraction/new-taipei-city/lehua-night-market-71528521?curr=USD&locale=en-US,https://ak-d.tripcdn.com/images/0105q120009v3bnuzA0E5_C_180_240_Q70.webp?proc=source%2ftrip,960.0,2160.0,960.0,2160.0,960.0,2160.0,960.0,2160.0,960.0,2160.0,960.0,2160.0,960.0,2160.0,1.5,16:00-36:00,16:00-36:00,16:00-36:00,16:00-36:00,16:00-36:00,16:00-36:00,16:00-36:00
New Taipei City Yingge Ceramics Museum,新北市立鶯歌陶瓷博物館,4.8,"['Saturday-Sunday', 'Tuesday-Friday']","['9:30-18:00', '9:30-17:00']","No.200, Wunhua Rd. Yingge Dist, New Taipei 23942, Taiwan",0.0,觀光,"Xinbei City Liyangge Ceramics Museum is located in the Yingge District of Xinbei City, Taiwan, officially opened on November 26, 2000, is Taiwan's first ceramic-themed professional museum. Committed to the investigation, collection, preservation and maintenance of Taiwan ceramic culture, and providing research, collection, display and educational promotion, through the holding of various activities, exhibitions, research, etc., to stimulate the public interest and concern for ceramic culture, Improve the image of the yongge ceramic industry and local area, promote modern ceramic creation, and promote international exchanges.",https://www.trip.com/travel-guide/attraction/new-taipei-city/new-taipei-city-yingge-ceramics-museum-98154?curr=USD&locale=en-US,https://ak-d.tripcdn.com/images/0ww6012000cj1rbhl2EC7_C_180_240_Q70.webp?proc=source%2ftrip,0.0,0.0,570.0,1020.0,570.0,1020.0,570.0,1020.0,570.0,1020.0,570.0,1080.0,570.0,1080.0,2.5,0,09:30-17:00,09:30-17:00,09:30-17:00,09:30-17:00,09:30-18:00,09:30-18:00
New Taipei City Citizens' Square,新北市市民廣場,4.9,['Open daily'],['Open all day'],"No. 161, Section 1, Zhongshan Road, Banqiao District, New Taipei City",0.0,觀光,"This is a square in Banqiao New District, Xinbei City. In fact, each city has a similar place to provide citizens with major event ceremonies. It really needs to be said that Beijing and Moscow are more large-scale. The Civic Square in Paris is representative.",https://www.trip.com/travel-guide/attraction/new-taipei-city/new-taipei-city-citizens-square-38547586?curr=USD&locale=en-US,https://ak-d.tripcdn.com/images/1me6l224x8tmx7iik56D7_C_180_240_Q70.webp?proc=source%2ftrip,0.0,1440.0,0.0,1440.0,0.0,1440.0,0.0,1440.0,0.0,1440.0,0.0,1440.0,0.0,1440.0,3.0,00:00-24:00,00:00-24:00,00:00-24:00,00:00-24:00,00:00-24:00,00:00-24:00,00:00-24:00
Drop of Water Memorial Hall,一滴水紀念館,4.3,['Tuesday-Sunday'],['9:00-16:30'],"No. 30號, Lane 6, Section 1, Zhongzheng Rd, Tamsui District, New Taipei City, Taiwan 251",0.0,觀光,"Freshwater A drop of water memorial - It is a wooden building built by the ancient Japanese people in Dafanyu, Fukui Prefecture, Japan, built in 1915. This ancient folk building built by the father of the Japanese paper Haoshui Mian, the water, Juezhi, has more than 600 beams and pillars without a nail. More than 20 titles are connected, showing the wooden architectural culture of peaking and extremes; In honor of the original creator of the water, the son of the water master, Mr. Mian, who inherited the Zen thought of the Japanese ""drip"" Zen master, cherished all the resources of everything, even if it was just a small drop of water, it should be used for the best.",https://www.trip.com/travel-guide/attraction/new-taipei-city/drop-of-water-memorial-hall-13480402?curr=USD&locale=en-US,https://ak-d.tripcdn.com/images/01031120008j2rb7b141A_C_180_240_Q70.webp?proc=source%2ftrip,0.0,0.0,540.0,990.0,540.0,990.0,540.0,990.0,540.0,990.0,540.0,990.0,540.0,990.0,2.0,0,09:00-16:30,09:00-16:30,09:00-16:30,09:00-16:30,09:00-16:30,09:00-16:30
Pingxi International Festival of Lights,平溪國際天燈節,4.6,,,"Pingxi, New Taipei City, Taiwan",0.0,活動,(Business hours are inaccurate) I was here! I’m just so happy to have experienced it live finally. It was worth it. I highly recommend you come experience it yourself too.,https://www.trip.com/travel-guide/attraction/new-taipei-city/pingxi-international-festival-of-lights-15139065?curr=USD&locale=en-US,https://ak-d.tripcdn.com/images/100o0p000000fz2c1638E_C_180_240_Q70.webp?proc=source%2ftrip,558.6887185422562,1274.7761875342503,558.6873116121526,1274.7752050961,558.6837669201973,1274.7728095468433,558.6856817396474,1274.7740870737332,558.6980951608957,1274.7826415006864,551.9318286144957,1270.1486230579492,551.9318294393355,1267.8430364940916,3.5,09:00-21:00,09:00-21:00,09:00-21:00,09:00-21:00,09:00-21:00,09:00-21:00,09:00-21:00
Former British Consulate Residence in Tamsui,前清英國領事官邸,4.7,"['Saturday-Sunday', 'Monday-Friday']","['9:30-18:00', '9:30-17:00']","Tamsui District, New Taipei City 251 Taiwan",0.0,活動,"The former British Consulate in Qing Dynasty - ㄧ red brick two-story foreign-style building is the third (and last) consular residence built by the UK in Taiwan. The appearance is elegant, unlike the closed and rigid style of the main building, this beautiful building is designed by British people and built by Chinese craftsmen. The walls are Chinese red bricks, the roof is southern Anhui red tiles, and the overall building presents a diverse exotic style. The building has red bricks, arches, cloisters and slanted roofs, which are typical British ""colonial style buildings"". There are living rooms, study rooms, dining rooms, rotating staircases, fireplaces and other spaces and facilities inside, some of which simulate the home situation from the time. part 2",https://www.trip.com/travel-guide/attraction/new-taipei-city/former-british-consulate-residence-in-tamsui-39039833?curr=USD&locale=en-US,https://ak-d.tripcdn.com/images/0105312000ey0e596C1CA_C_180_240_Q70.webp?proc=source%2ftrip,570.0,1020.0,570.0,1020.0,570.0,1020.0,570.0,1020.0,570.0,1020.0,570.0,1080.0,570.0,1080.0,2.5,09:30-17:00,09:30-17:00,09:30-17:00,09:30-17:00,09:30-17:00,09:30-18:00,09:30-18:00
Museum of World Religions,世界宗教博物館,4.3,['Tuesday-Sunday'],['10:00-17:00'],"7th Floor, No. 236, Section 1, Zhongshan Road",281.40000000000003,觀光,"Very suitable for taking children to stroll around, a museum that has been open for a long time",https://www.trip.com/travel-guide/attraction/new-taipei-city/museum-of-world-religions-20906195?curr=USD&locale=en-US,https://ak-d.tripcdn.com/images/fd/tg/g4/M06/F4/30/CggYHFZQkMqAP4LjAACQs5EIOaw556_C_180_240_Q70.webp?proc=source%2ftrip,0.0,0.0,600.0,1020.0,600.0,1020.0,600.0,1020.0,600.0,1020.0,600.0,1020.0,600.0,1020.0,2.5,0,10:00-17:00,10:00-17:00,10:00-17:00,10:00-17:00,10:00-17:00,10:00-17:00
Taipei Golf Course,台北高爾夫球場,4.0,['Open daily'],['6:00-17:00'],"No. 34-1, Chisaki, Luzhu District, Taoyuan City",0.0,觀光,[View] Not bad [Fun] Funny [Cost-effective] Ordinary,https://www.trip.com/travel-guide/attraction/taoyuan/taipei-golf-course-34491703?curr=USD&locale=en-US,https://ak-d.tripcdn.com/images/100b0j000000a1wyn95C4_C_180_240_Q70.webp?proc=source%2ftrip,360.0,1020.0,360.0,1020.0,360.0,1020.0,360.0,1020.0,360.0,1020.0,360.0,1020.0,360.0,1020.0,2.5,06:00-17:00,06:00-17:00,06:00-17:00,06:00-17:00,06:00-17:00,06:00-17:00,06:00-17:00
Yinhe Cave,銀河洞,4.8,['Saturday-Sunday'],['8:00-17:00'],"No.70 Yinhe Road, Xindian District, New Taipei 231, Taiwan",0.0,活動,"The weather was very good when we arrived at the Galaxy Cave, which added points to the scenic spot. According to the tour guide, if it is a weekend, there will be many tourists. A very beautiful place, beautiful mountains and clear waters, fresh air",https://www.trip.com/travel-guide/attraction/new-taipei-city/yinhe-cave-32780450?curr=USD&locale=en-US,https://ak-d.tripcdn.com/images/0104c12000a4tcjymA313_C_180_240_Q70.webp?proc=source%2ftrip,0.0,0.0,0.0,0.0,0.0,0.0,0.0,0.0,0.0,0.0,480.0,1020.0,480.0,1020.0,2.5,0,0,0,0,0,08:00-17:00,08:00-17:00
Hutoushan Environmental Park,虎頭山環保公園,4.5,['Open daily'],['6:00-23:59'],"Section 3, Chenggong Rd, Taoyuan District, Taoyuan City, Taiwan 330",0.0,觀光,"Hutou Mountain is our back garden. As long as you have time, you will want to go to the place from the back mountain I for about an hour. The amount of exercise is just right. Sometimes you can watch the sea of clouds in front of the temple after the rain. It is very beautiful.",https://www.trip.com/travel-guide/attraction/taoyuan/hutoushan-environmental-park-18046238?curr=USD&locale=en-US,https://ak-d.tripcdn.com/images/01A4j2215bv1p9nf495A6_C_180_240_Q70.webp?proc=source%2ftrip,360.0,1439.0,360.0,1439.0,360.0,1439.0,360.0,1439.0,360.0,1439.0,360.0,1439.0,360.0,1439.0,1.5,06:00-23:30,06:00-23:30,06:00-23:30,06:00-23:30,06:00-23:30,06:00-23:30,06:00-23:30
Banqiao Night Market,板橋南雅夜市,5.0,['Open daily'],['17:00-00:00'],"China, New Taipei, Banqiao,",0.0,觀光,"Jindu Bridge - The Jindu Bridge, which is a white-type bridge, is located between Nanxing Bridge in Taipagou and Daguanqiao River. It spans the river for a maximum of 56 meters. It connects the left and right sides of the road and the Yuya Night Market. It is one of the characteristic landmarks of Taipagou. Due to the slightly dim lighting of the original bridge, after field investigation, 493 LED lights and 12 full color projection lights to improve the bridge trail and under the bridge lighting, more conducive to maintaining pedestrian safety, but also show the beauty of Jindu Bridge, the lighting changes with time, projecting colorful and gorgeous gradually layered lights, And with bicycle lane light gallery to enhance leisure fun and beautify the visual landscape.",https://www.trip.com/travel-guide/attraction/new-taipei-city/banqiao-night-market-130369379?curr=USD&locale=en-US,https://ak-d.tripcdn.com/images/0105m12000eidrl8t1F22_C_180_240_Q70.webp?proc=source%2ftrip,1020.0,1440.0,1020.0,1440.0,1020.0,1440.0,1020.0,1440.0,1020.0,1440.0,1020.0,1440.0,1020.0,1440.0,2.5,17:00-24:00,17:00-24:00,17:00-24:00,17:00-24:00,17:00-24:00,17:00-24:00,17:00-24:00
Xindian River Park,新店溪河濱公園,5.0,,,"Xindian Road, Xindain MRT Station, New Taipei, Taiwan",0.0,觀光,"(Business hours are inaccurate) Walking on the riverbank in the evening - today is the section of the Zhongzhengqiao section of Xindianxi. Because the clouds are too thick, there is no beautiful sunset to see, but all kinds of beautiful plants along the way are also gifts of nature.",https://www.trip.com/travel-guide/attraction/new-taipei-city/xindian-river-park-32928744?curr=USD&locale=en-US,https://ak-d.tripcdn.com/images/1mh372224w5hq5wn49ABA_C_180_240_Q70.webp?proc=source%2ftrip,558.6874699263565,1274.775768662941,558.6857832730884,1274.7745959904628,558.6815015467507,1274.7719069703326,558.6838009719859,1274.773317920606,558.6987773954893,1274.783246507016,551.9318322468243,1269.9033757119996,551.9318332953569,1267.6846504297132,2.5,09:00-21:00,09:00-21:00,09:00-21:00,09:00-21:00,09:00-21:00,09:00-21:00,09:00-21:00
Former residence of Tada Eikichi,多田榮吉故居,4.8,"['Saturday-Sunday', 'Monday-Friday']","['9:30-18:00', '9:30-17:00']","No.19, Maxie St, New Taipei 251, Taiwan",0.0,活動,"The former residence of Daotian Rongji, the former residence of Danshui Street Chang, is the first residential water access to fresh water. The overall building is a traditional Japanese style, facing the river. It is specially designed for many resting platforms. You can see Guanyin Mountain from the railing here. The scenery is particularly pleasant. The whole building has been renovated and is open to visitors for free.",https://www.trip.com/travel-guide/attraction/new-taipei-city/former-residence-of-tada-eikichi-32841396?curr=USD&locale=en-US,https://ak-d.tripcdn.com/images/100o0z000000n8wwf5F07_C_180_240_Q70.webp?proc=source%2ftrip,570.0,1020.0,570.0,1020.0,570.0,1020.0,570.0,1020.0,570.0,1020.0,570.0,1080.0,570.0,1080.0,2.5,09:30-17:00,09:30-17:00,09:30-17:00,09:30-17:00,09:30-17:00,09:30-18:00,09:30-18:00
"Tucheng Tung Blossom Trail, Tung Blossom Park",桐花景點步道-土城區承天禪寺步道,4.4,,,"Chengtian Road, Tucheng District, New Taipei City, New Taipei, Taiwan",0.0,觀光,"(Business hours are inaccurate) This is a trail that is very popular with local hiking lovers, so there are not many tourists. The scenery along the trail is particularly beautiful, and there are many monuments, the attractions are worth visiting, there are lush plants and many flowers blooming everywhere.",https://www.trip.com/travel-guide/attraction/new-taipei-city/tucheng-tung-blossom-trail-tung-blossom-park-22846599?curr=USD&locale=en-US,https://ak-d.tripcdn.com/images/0104o120008etemrxF8DB_C_180_240_Q70.webp?proc=source%2ftrip,558.6894890747315,1274.7759952684148,558.68779042562,1274.7749057125843,558.6836099524184,1274.772362922624,558.6858434958166,1274.7737040066863,558.7006920002638,1274.7830007077064,551.9318289632306,1269.8473490240467,551.9318297043251,1267.476574506669,1.5,09:00-21:00,09:00-21:00,09:00-21:00,09:00-21:00,09:00-21:00,09:00-21:00,09:00-21:00
Shihsanhang Museum of Archaeology,新北市立十三行博物館,4.5,['Open daily'],['09:30-18:00'],"No. 200 Museum Rd., Bali Dist, New Taipei, Taiwan",75.0,觀光,"The 13th line is located on the south bank of the junction of the Vale and Haikou in Bali District, Xinbei City. After the geologist Lin Zhaoxu confirmed the discovery of prehistoric ironmaking relics here in 1957, it was named the 13th line site. Afterwards, many archaeologists excavated here, unearthing various rich relics such as pottery, ironware, tombs and other objects. After research, it is learned that 13 pedestrians lived 1,800 years ago, belonging to Taiwan's prehistoric iron age, and are currently one of the prehistoric residents who have determined to have ironmaking technology.",https://www.trip.com/travel-guide/attraction/new-taipei-city/shihsanhang-museum-of-archaeology-13480418?curr=USD&locale=en-US,https://ak-d.tripcdn.com/images/01016120009ezr0s4C0F8_C_180_240_Q70.webp?proc=source%2ftrip,570.0,1080.0,570.0,1080.0,570.0,1080.0,570.0,1080.0,570.0,1080.0,570.0,1080.0,570.0,1080.0,2.0,09:30-18:00,09:30-18:00,09:30-18:00,09:30-18:00,09:30-18:00,09:30-18:00,09:30-18:00
si li dan jiang gao zhong ba jiao lou,私立淡江高中八角樓,3.5,['Open daily'],['6:00-21:00'],251台灣新北市淡水區真理街26號,0.0,活動,Traditional Taiwan High School,https://www.trip.com/travel-guide/attraction/new-taipei-city/city-130368507?curr=USD&locale=en-US,https://ak-d.tripcdn.com/images/0101h12000bnpdop04DAF_C_180_240_Q70.webp?proc=source%2ftrip,360.0,1260.0,360.0,1260.0,360.0,1260.0,360.0,1260.0,360.0,1260.0,360.0,1260.0,360.0,1260.0,2.5,06:00-21:00,06:00-21:00,06:00-21:00,06:00-21:00,06:00-21:00,06:00-21:00,06:00-21:00
Dahua Park,大華公園,5.0,['Open daily'],['Open all day'],"No. 164-180, Wenhua 7th Rd, Guishan District, Taoyuan City, 333",0.0,活動,Simple and peaceful,https://www.trip.com/travel-guide/attraction/taoyuan/dahua-park-137114311?curr=USD&locale=en-US,https://ak-d.tripcdn.com/images/fd/tg/g2/M02/C5/07/Cghzf1W7H_mAOouUAAA0-J5t66I153_C_180_240_Q70.webp?proc=source%2ftrip,0.0,1440.0,0.0,1440.0,0.0,1440.0,0.0,1440.0,0.0,1440.0,0.0,1440.0,0.0,1440.0,3.0,00:00-24:00,00:00-24:00,00:00-24:00,00:00-24:00,00:00-24:00,00:00-24:00,00:00-24:00
Taian Waterfall,泰安瀑布,4.4,['Open daily'],['Open all day'],"Keelung City, Qidu District",0.0,活動,"Tai'an Waterfall is 20 meters high and is very spectacular. From top to bottom, a white water curtain, the water below is also clear, very transparent, the nearby scenery is very good, the air is very fresh, there is a picnic area nearby, you can barbecue.",https://www.trip.com/travel-guide/attraction/keelung/taian-waterfall-13502752?curr=USD&locale=en-US,https://ak-d.tripcdn.com/images/0101a1200092lvm8gE4A4_C_180_240_Q70.webp?proc=source%2ftrip,0.0,1440.0,0.0,1440.0,0.0,1440.0,0.0,1440.0,0.0,1440.0,0.0,1440.0,0.0,1440.0,1.5,00:00-24:00,00:00-24:00,00:00-24:00,00:00-24:00,00:00-24:00,00:00-24:00,00:00-24:00
Datong Mountain,大同山,4.8,,,"Datong Mountain, Shulin District, New Taipei City, Taiwan 238",0.0,活動,"(Business hours are inaccurate) The whole trip is about three hours. From the forest station, you can eat something in the forest at noon. The route has a ladder type and a road type to choose from, suitable for novices to practice.",https://www.trip.com/travel-guide/attraction/new-taipei-city/datong-mountain-23034084?curr=USD&locale=en-US,https://ak-d.tripcdn.com/images/0103u12000a50i69480DD_C_180_240_Q70.webp?proc=source%2ftrip,558.6777673949175,1274.7747594839652,558.6764130448494,1274.7735963866276,558.6730173868649,1274.7709630155923,558.6748482574259,1274.772342824968,558.6867705174681,1274.7821293592713,551.93182451987,1270.1227407930417,551.9318244672877,1267.7182006715598,2.5,09:00-21:00,09:00-21:00,09:00-21:00,09:00-21:00,09:00-21:00,09:00-21:00,09:00-21:00
Daiton Mountain,Datun Shan,4.4,['Open daily'],['Open all day'],"251, Taiwan, New Taipei City, Tamsui District",0.0,餐飲,"Datun Mountain belongs to a mountain on the side of Yangming Mountain Scenic Area. It is not a very popular attraction, but it is still very good for those who like to climb the mountain. The mountain is not too high, relatively gentle, and the scenery is wrong.",https://www.trip.com/travel-guide/attraction/new-taipei-city/daiton-mountain-22846525?curr=USD&locale=en-US,https://ak-d.tripcdn.com/images/100g0d0000006uiu80F5D_C_180_240_Q70.webp?proc=source%2ftrip,0.0,1440.0,0.0,1440.0,0.0,1440.0,0.0,1440.0,0.0,1440.0,0.0,1440.0,0.0,1440.0,1.5,00:00-24:00,00:00-24:00,00:00-24:00,00:00-24:00,00:00-24:00,00:00-24:00,00:00-24:00
Xinzhuang Sports Park,新北市新莊體育園區,4.8,['Open daily'],['Open all day'],"No.11, Gongyuan Rd, Xinzhuang Dist, New Taipei 242, Taiwan",0.0,觀光,"The famous sports park in Xinzhuang area of Xinbei City has everything you need, baseball stadium, national sports center, gymnasium and track and field, as well as oversized sun lawn and children's playgrounds that are loved by children. Sports and leisure or parent-child activities are suitable.",https://www.trip.com/travel-guide/attraction/new-taipei-city/xinzhuang-sports-park-23031459?curr=USD&locale=en-US,https://ak-d.tripcdn.com/images/100d0d0000006ymegB1F3_C_180_240_Q70.webp?proc=source%2ftrip,0.0,1440.0,0.0,1440.0,0.0,1440.0,0.0,1440.0,0.0,1440.0,0.0,1440.0,0.0,1440.0,3.0,00:00-24:00,00:00-24:00,00:00-24:00,00:00-24:00,00:00-24:00,00:00-24:00,00:00-24:00
itiengong,三重義天宮,5.0,['Open daily'],['7:00-21:30'],"No. 150, Chelutou St, Sanchong District, New Taipei City, Taiwan 241",0.0,活動,"Sanzhongyi Tiangong is located in Yonganli, Sanzhong District, Xinbei City, northern Taiwan. It is a Taoist Mazu Temple. The Lord worships the Mother Mazu of the heavens and is one of the faith centers of residents in Sanzhong District and Luzhou District. In recent years, it has been known for adopting stray cats and allowing cats to move freely in temples, and it has been called ""cat temple"".",https://www.trip.com/travel-guide/attraction/new-taipei-city/itiengong-39036805?curr=USD&locale=en-US,https://ak-d.tripcdn.com/images/0102h2224myuu72o01615_C_180_240_Q70.webp?proc=source%2ftrip,420.0,1290.0,420.0,1290.0,420.0,1290.0,420.0,1290.0,420.0,1290.0,420.0,1290.0,420.0,1290.0,2.5,07:00-21:30,07:00-21:30,07:00-21:30,07:00-21:30,07:00-21:30,07:00-21:30,07:00-21:30
Nanmen Street,南門街,5.0,['Open daily'],['Open all day'],"Nanmen St, Banqiao District, New Taipei City, Taiwan 220",0.0,活動,Traditional markets nearby,https://www.trip.com/travel-guide/attraction/new-taipei-city/nanmen-street-50669738?curr=USD&locale=en-US,https://ak-d.tripcdn.com/images/fd/tg/g1/M06/FC/24/CghzflW7H_iATdynAAA-FlXAIeA738_C_180_240_Q70.webp?proc=source%2ftrip,0.0,1440.0,0.0,1440.0,0.0,1440.0,0.0,1440.0,0.0,1440.0,0.0,1440.0,0.0,1440.0,3.0,00:00-24:00,00:00-24:00,00:00-24:00,00:00-24:00,00:00-24:00,00:00-24:00,00:00-24:00
安坑教會 寶可夢道館,,5.0,['Open daily'],['Open all day'],231台灣新北市新店區安忠路12號,0.0,活動,Lots of people.,https://www.trip.com/travel-guide/attraction/new-taipei-city/city-137671319?curr=USD&locale=en-US,https://ak-d.tripcdn.com/images/fd/tg/g1/M06/FC/24/CghzflW7H_iATdynAAA-FlXAIeA738_C_180_240_Q70.webp?proc=source%2ftrip,0.0,1440.0,0.0,1440.0,0.0,1440.0,0.0,1440.0,0.0,1440.0,0.0,1440.0,0.0,1440.0,3.0,00:00-24:00,00:00-24:00,00:00-24:00,00:00-24:00,00:00-24:00,00:00-24:00,00:00-24:00
kong jun san chong yi cun,空軍三重一村,4.7,['Tuesday-Sunday'],['10:00-18:00'],"Lane 86, Zhengyi S Rd, Sanchong District, New Taipei City, Taiwan 241",0.0,活動,"Air Force Triple One Village - On the banks of the river at the bottom of Sane Justice South Road, covering an area of about 13,000 square meters, was listed as a historic building on the eve of demolition at the end of 2006. Since 2010, the village culture festival has been held every year. After the village is completed, it will be a demonstration field for the preservation and inheritance of Taiwan's unique village culture. On the other hand, it will combine the traditional crafts and performing arts in the village and the triple area to develop characteristic industries and create a cultural and creative development base. Part 2",https://www.trip.com/travel-guide/attraction/new-taipei-city/city-78772838?curr=USD&locale=en-US,https://ak-d.tripcdn.com/images/100fhk133xb64muj4E651_C_180_240_Q70.webp?proc=source%2ftrip,0.0,0.0,600.0,1080.0,600.0,1080.0,600.0,1080.0,600.0,1080.0,600.0,1080.0,600.0,1080.0,2.5,0,10:00-18:00,10:00-18:00,10:00-18:00,10:00-18:00,10:00-18:00,10:00-18:00
Dajianshan,大尖山,4.6,['Open daily'],['Open all day'],"221, Taiwan, New Taipei City, Xizhi District",0.0,活動,"There are not many tourists in Dajian Mountain. This is a relatively original mountain. The mountain road is not particularly good. However, there are a lot of plants along the way, lush, giving people a very fresh feeling.",https://www.trip.com/travel-guide/attraction/new-taipei-city/dajianshan-23034146?curr=USD&locale=en-US,https://ak-d.tripcdn.com/images/0106912000814m1993058_C_180_240_Q70.webp?proc=source%2ftrip,0.0,1440.0,0.0,1440.0,0.0,1440.0,0.0,1440.0,0.0,1440.0,0.0,1440.0,0.0,1440.0,2.5,00:00-24:00,00:00-24:00,00:00-24:00,00:00-24:00,00:00-24:00,00:00-24:00,00:00-24:00
